"../../../Engine/Plugins/Animation/ACLPlugin/Content/ACLAnimCurveCompressionSettings.uasset" 0
"../../../Engine/Plugins/Animation/ACLPlugin/Content/ACLAnimCurveCompressionSettings.uexp" 1
"../../../Engine/Plugins/Animation/ACLPlugin/Content/ACLAnimBoneCompressionSettings.uasset" 2
"../../../Engine/Plugins/Animation/ACLPlugin/Content/ACLAnimBoneCompressionSettings.uexp" 3
"../../../Engine/Plugins/2D/Paper2D/Content/PlaceholderTextures/DummySpriteTexture.ubulk" 4
"../../../Engine/Plugins/2D/Paper2D/Content/PlaceholderTextures/DummySpriteTexture.uasset" 5
"../../../Engine/Plugins/2D/Paper2D/Content/PlaceholderTextures/DummySpriteTexture.uexp" 6
"../../../Engine/Plugins/2D/Paper2D/Content/DummySprite.uasset" 7
"../../../Engine/Plugins/2D/Paper2D/Content/DummySprite.uexp" 8
"../../../Engine/Plugins/2D/Paper2D/Content/DefaultPaperTerrainMaterial.uasset" 9
"../../../Engine/Plugins/2D/Paper2D/Content/DefaultPaperTerrainMaterial.uexp" 10
"../../../Engine/Content/Animation/DefaultVariableFrameStrippingSettings.uasset" 11
"../../../Engine/Content/Animation/DefaultVariableFrameStrippingSettings.uexp" 12
"../../../Engine/Content/Animation/DefaultRecorderBoneCompression.uasset" 13
"../../../Engine/Content/Animation/DefaultRecorderBoneCompression.uexp" 14
"../../../Engine/Content/EngineMaterials/DefaultPhysicalMaterial.uasset" 15
"../../../Engine/Content/EngineMaterials/DefaultPhysicalMaterial.uexp" 16
"../../../Engine/Content/EngineMaterials/DefaultDestructiblePhysicalMaterial.uasset" 17
"../../../Engine/Content/EngineMaterials/DefaultDestructiblePhysicalMaterial.uexp" 18
"../../../Engine/Content/EngineFonts/Faces/DroidSansFallback.uexp" 19
"../../../Engine/Content/EngineFonts/Faces/DroidSansFallback.uasset" 20
"../../../Engine/Content/EngineFonts/Faces/DroidSansFallback.ufont" 21
"../../../Engine/Content/EngineFonts/Faces/RobotoRegular.uexp" 22
"../../../Engine/Content/EngineFonts/Faces/RobotoRegular.uasset" 23
"../../../Engine/Content/EngineFonts/Faces/RobotoRegular.ufont" 24
"../../../Engine/Content/EngineFonts/Faces/RobotoLight.uexp" 25
"../../../Engine/Content/EngineFonts/Faces/RobotoLight.uasset" 26
"../../../Engine/Content/EngineFonts/Faces/RobotoLight.ufont" 27
"../../../Engine/Content/EngineFonts/Faces/RobotoItalic.uexp" 28
"../../../Engine/Content/EngineFonts/Faces/RobotoItalic.uasset" 29
"../../../Engine/Content/EngineFonts/Faces/RobotoItalic.ufont" 30
"../../../Engine/Content/EngineFonts/Faces/RobotoBoldItalic.uexp" 31
"../../../Engine/Content/EngineFonts/Faces/RobotoBoldItalic.uasset" 32
"../../../Engine/Content/EngineFonts/Faces/RobotoBoldItalic.ufont" 33
"../../../Engine/Content/EngineFonts/Faces/RobotoBold.uexp" 34
"../../../Engine/Content/EngineFonts/Faces/RobotoBold.uasset" 35
"../../../Engine/Content/EngineFonts/Faces/RobotoBold.ufont" 36
"../../../Engine/Content/EngineFonts/Roboto.uasset" 37
"../../../Engine/Content/EngineFonts/Roboto.uexp" 38
"../../../Engine/Content/EngineFonts/Faces/DroidSansMono.uexp" 39
"../../../Engine/Content/EngineFonts/Faces/DroidSansMono.uasset" 40
"../../../Engine/Content/EngineFonts/Faces/DroidSansMono.ufont" 41
"../../../Engine/Content/EngineFonts/DroidSansMono.uasset" 42
"../../../Engine/Content/EngineFonts/DroidSansMono.uexp" 43
"../../../Engine/Plugins/Interchange/Runtime/Content/Pipelines/DefaultTexturePipeline.uasset" 44
"../../../Engine/Plugins/Interchange/Runtime/Content/Pipelines/DefaultTexturePipeline.uexp" 45
"../../../Engine/Plugins/Interchange/Runtime/Content/Pipelines/DefaultSceneLevelPipeline.uasset" 46
"../../../Engine/Plugins/Interchange/Runtime/Content/Pipelines/DefaultSceneLevelPipeline.uexp" 47
"../../../Engine/Plugins/Interchange/Runtime/Content/Pipelines/DefaultSceneAssetsPipeline.uasset" 48
"../../../Engine/Plugins/Interchange/Runtime/Content/Pipelines/DefaultSceneAssetsPipeline.uexp" 49
"../../../Engine/Plugins/Interchange/Runtime/Content/Pipelines/DefaultMaterialXPipeline.uasset" 50
"../../../Engine/Plugins/Interchange/Runtime/Content/Pipelines/DefaultMaterialXPipeline.uexp" 51
"../../../Engine/Plugins/Interchange/Runtime/Content/Pipelines/DefaultMaterialPipeline.uasset" 52
"../../../Engine/Plugins/Interchange/Runtime/Content/Pipelines/DefaultMaterialPipeline.uexp" 53
"../../../Engine/Plugins/Interchange/Runtime/Content/Pipelines/DefaultGLTFSceneAssetsPipeline.uasset" 54
"../../../Engine/Plugins/Interchange/Runtime/Content/Pipelines/DefaultGLTFSceneAssetsPipeline.uexp" 55
"../../../Engine/Plugins/Interchange/Runtime/Content/Pipelines/DefaultGLTFPipeline.uasset" 56
"../../../Engine/Plugins/Interchange/Runtime/Content/Pipelines/DefaultGLTFPipeline.uexp" 57
"../../../Engine/Plugins/Interchange/Runtime/Content/Pipelines/DefaultGLTFAssetsPipeline.uasset" 58
"../../../Engine/Plugins/Interchange/Runtime/Content/Pipelines/DefaultGLTFAssetsPipeline.uexp" 59
"../../../Engine/Plugins/Interchange/Runtime/Content/Pipelines/DefaultAssetsPipeline.uasset" 60
"../../../Engine/Plugins/Interchange/Runtime/Content/Pipelines/DefaultAssetsPipeline.uexp" 61
"../../../Engine/Plugins/Animation/ControlRig/Content/Controls/DefaultGizmoLibraryNormalized.uasset" 62
"../../../Engine/Plugins/Animation/ControlRig/Content/Controls/DefaultGizmoLibraryNormalized.uexp" 63
"../../../Engine/Content/EngineSounds/Master.uasset" 64
"../../../Engine/Content/EngineSounds/Master.uexp" 65
"../../../Engine/Content/MobileResources/HUD/VirtualJoystick_Thumb.uasset" 66
"../../../Engine/Content/MobileResources/HUD/VirtualJoystick_Thumb.uexp" 67
"../../../Engine/Content/MobileResources/HUD/VirtualJoystick_Background.uasset" 68
"../../../Engine/Content/MobileResources/HUD/VirtualJoystick_Background.uexp" 69
"../../../Engine/Content/MobileResources/HUD/DefaultVirtualJoysticks.uasset" 70
"../../../Engine/Content/MobileResources/HUD/DefaultVirtualJoysticks.uexp" 71
"C:/Users/pearc/OneDrive/Desktop/Mushroom-Knight-/MushroomKnight/Content/Enemys/Skeltonart/HURT.uasset" 72
"C:/Users/pearc/OneDrive/Desktop/Mushroom-Knight-/MushroomKnight/Content/Enemys/Skeltonart/HURT.uexp" 73
"C:/Users/pearc/OneDrive/Desktop/Mushroom-Knight-/MushroomKnight/Content/Enemys/Skeltonart/HURT_Sprite_0.uasset" 74
"C:/Users/pearc/OneDrive/Desktop/Mushroom-Knight-/MushroomKnight/Content/Enemys/Skeltonart/HURT_Sprite_0.uexp" 75
"C:/Users/pearc/OneDrive/Desktop/Mushroom-Knight-/MushroomKnight/Content/Enemys/Skeltonart/HURT_Sprite_1.uasset" 76
"C:/Users/pearc/OneDrive/Desktop/Mushroom-Knight-/MushroomKnight/Content/Enemys/Skeltonart/HURT_Sprite_1.uexp" 77
"C:/Users/pearc/OneDrive/Desktop/Mushroom-Knight-/MushroomKnight/Content/Enemys/Skeltonart/HURT_Sprite_2.uasset" 78
"C:/Users/pearc/OneDrive/Desktop/Mushroom-Knight-/MushroomKnight/Content/Enemys/Skeltonart/HURT_Sprite_2.uexp" 79
"C:/Users/pearc/OneDrive/Desktop/Mushroom-Knight-/MushroomKnight/Content/Enemys/Skeltonart/HURT_Sprite_3.uasset" 80
"C:/Users/pearc/OneDrive/Desktop/Mushroom-Knight-/MushroomKnight/Content/Enemys/Skeltonart/HURT_Sprite_3.uexp" 81
"C:/Users/pearc/OneDrive/Desktop/Mushroom-Knight-/MushroomKnight/Content/Enemys/Skeltonart/HURT_Sprite_4.uasset" 82
"C:/Users/pearc/OneDrive/Desktop/Mushroom-Knight-/MushroomKnight/Content/Enemys/Skeltonart/HURT_Sprite_4.uexp" 83
"C:/Users/pearc/OneDrive/Desktop/Mushroom-Knight-/MushroomKnight/Content/Enemys/Skeltonart/skelhurt.uasset" 84
"C:/Users/pearc/OneDrive/Desktop/Mushroom-Knight-/MushroomKnight/Content/Enemys/Skeltonart/skelhurt.uexp" 85
"C:/Users/pearc/OneDrive/Desktop/Mushroom-Knight-/MushroomKnight/Content/Enemys/Skeltonart/skeldeath.uasset" 86
"C:/Users/pearc/OneDrive/Desktop/Mushroom-Knight-/MushroomKnight/Content/Enemys/Skeltonart/skeldeath.uexp" 87
"C:/Users/pearc/OneDrive/Desktop/Mushroom-Knight-/MushroomKnight/Content/Enemys/Bigknight/HURT.uasset" 88
"C:/Users/pearc/OneDrive/Desktop/Mushroom-Knight-/MushroomKnight/Content/Enemys/Bigknight/HURT.uexp" 89
"C:/Users/pearc/OneDrive/Desktop/Mushroom-Knight-/MushroomKnight/Content/Enemys/Bigknight/HURT_Sprite_0.uasset" 90
"C:/Users/pearc/OneDrive/Desktop/Mushroom-Knight-/MushroomKnight/Content/Enemys/Bigknight/HURT_Sprite_0.uexp" 91
"C:/Users/pearc/OneDrive/Desktop/Mushroom-Knight-/MushroomKnight/Content/Enemys/Bigknight/HURT_Sprite_1.uasset" 92
"C:/Users/pearc/OneDrive/Desktop/Mushroom-Knight-/MushroomKnight/Content/Enemys/Bigknight/HURT_Sprite_1.uexp" 93
"C:/Users/pearc/OneDrive/Desktop/Mushroom-Knight-/MushroomKnight/Content/Enemys/Bigknight/HURT_Sprite_2.uasset" 94
"C:/Users/pearc/OneDrive/Desktop/Mushroom-Knight-/MushroomKnight/Content/Enemys/Bigknight/HURT_Sprite_2.uexp" 95
"C:/Users/pearc/OneDrive/Desktop/Mushroom-Knight-/MushroomKnight/Content/Enemys/Bigknight/HURT_Sprite_3.uasset" 96
"C:/Users/pearc/OneDrive/Desktop/Mushroom-Knight-/MushroomKnight/Content/Enemys/Bigknight/HURT_Sprite_3.uexp" 97
"C:/Users/pearc/OneDrive/Desktop/Mushroom-Knight-/MushroomKnight/Content/Enemys/Bigknight/HURT_Sprite_4.uasset" 98
"C:/Users/pearc/OneDrive/Desktop/Mushroom-Knight-/MushroomKnight/Content/Enemys/Bigknight/HURT_Sprite_4.uexp" 99
"C:/Users/pearc/OneDrive/Desktop/Mushroom-Knight-/MushroomKnight/Content/Enemys/Bigknight/HURT_Sprite_5.uasset" 100
"C:/Users/pearc/OneDrive/Desktop/Mushroom-Knight-/MushroomKnight/Content/Enemys/Bigknight/HURT_Sprite_5.uexp" 101
"C:/Users/pearc/OneDrive/Desktop/Mushroom-Knight-/MushroomKnight/Content/Enemys/Bigknight/knighthurt.uasset" 102
"C:/Users/pearc/OneDrive/Desktop/Mushroom-Knight-/MushroomKnight/Content/Enemys/Bigknight/knighthurt.uexp" 103
"../../../Engine/Content/EngineResources/GradientTexture0.uasset" 104
"../../../Engine/Content/EngineResources/GradientTexture0.uexp" 105
"../../../Engine/Content/EngineResources/Black.uasset" 106
"../../../Engine/Content/EngineResources/Black.uexp" 107
"../../../Engine/Plugins/NNE/NNEDenoiser/Content/NNEDTOM_Output_Default.uasset" 108
"../../../Engine/Plugins/NNE/NNEDenoiser/Content/NNEDTOM_Output_Default.uexp" 109
"../../../Engine/Plugins/NNE/NNEDenoiser/Content/NNEDTOM_Output_Alpha.uasset" 110
"../../../Engine/Plugins/NNE/NNEDenoiser/Content/NNEDTOM_Output_Alpha.uexp" 111
"../../../Engine/Plugins/NNE/NNEDenoiser/Content/NNEDTIM_ColorAlbedoNormal_Default.uasset" 112
"../../../Engine/Plugins/NNE/NNEDenoiser/Content/NNEDTIM_ColorAlbedoNormal_Default.uexp" 113
"../../../Engine/Plugins/NNE/NNEDenoiser/Content/NNEDTIM_ColorAlbedoNormal_Alpha.uasset" 114
"../../../Engine/Plugins/NNE/NNEDenoiser/Content/NNEDTIM_ColorAlbedoNormal_Alpha.uexp" 115
"../../../Engine/Plugins/NNE/NNEDenoiser/Content/NNEDOM_Output_Default.uasset" 116
"../../../Engine/Plugins/NNE/NNEDenoiser/Content/NNEDOM_Output_Default.uexp" 117
"../../../Engine/Plugins/NNE/NNEDenoiser/Content/NNEDOM_Output_Alpha.uasset" 118
"../../../Engine/Plugins/NNE/NNEDenoiser/Content/NNEDOM_Output_Alpha.uexp" 119
"../../../Engine/Plugins/NNE/NNEDenoiser/Content/NNEDIM_HighQuality_Default.uasset" 120
"../../../Engine/Plugins/NNE/NNEDenoiser/Content/NNEDIM_HighQuality_Default.uexp" 121
"../../../Engine/Plugins/NNE/NNEDenoiser/Content/NNEDIM_HighQuality_Alpha.uasset" 122
"../../../Engine/Plugins/NNE/NNEDenoiser/Content/NNEDIM_HighQuality_Alpha.uexp" 123
"../../../Engine/Plugins/NNE/NNEDenoiser/Content/NNEDIM_ColorAlbedoNormal_Default.uasset" 124
"../../../Engine/Plugins/NNE/NNEDenoiser/Content/NNEDIM_ColorAlbedoNormal_Default.uexp" 125
"../../../Engine/Plugins/NNE/NNEDenoiser/Content/NNEDIM_ColorAlbedoNormal_Alpha.uasset" 126
"../../../Engine/Plugins/NNE/NNEDenoiser/Content/NNEDIM_ColorAlbedoNormal_Alpha.uexp" 127
"../../../Engine/Content/EngineMaterials/PreintegratedSkinBRDF.uasset" 128
"../../../Engine/Content/EngineMaterials/PreintegratedSkinBRDF.uexp" 129
"../../../Engine/Content/EngineMaterials/MiniFont.uasset" 130
"../../../Engine/Content/EngineMaterials/MiniFont.uexp" 131
"../../../Engine/Content/EngineMaterials/FastBlueNoise_vec2_128x128x64.uasset" 132
"../../../Engine/Content/EngineMaterials/FastBlueNoise_vec2_128x128x64.uexp" 133
"../../../Engine/Content/EngineMaterials/FastBlueNoise_scalar_128x128x8.uasset" 134
"../../../Engine/Content/EngineMaterials/FastBlueNoise_scalar_128x128x8.uexp" 135
"../../../Engine/Content/EngineMaterials/FastBlueNoise_scalar_128x128x64.uasset" 136
"../../../Engine/Content/EngineMaterials/FastBlueNoise_scalar_128x128x64.uexp" 137
"../../../Engine/Content/EngineMaterials/DefaultWhiteGrid.ubulk" 138
"../../../Engine/Content/EngineMaterials/DefaultWhiteGrid.uasset" 139
"../../../Engine/Content/EngineMaterials/DefaultWhiteGrid.uexp" 140
"../../../Engine/Content/EngineMaterials/DefaultBokeh.uasset" 141
"../../../Engine/Content/EngineMaterials/DefaultBokeh.uexp" 142
"../../../Engine/Content/EngineMaterials/DefaultBloomKernel.uasset" 143
"../../../Engine/Content/EngineMaterials/DefaultBloomKernel.uexp" 144
"../../../Engine/Content/EngineDamageTypes/DmgTypeBP_Environmental.uasset" 145
"../../../Engine/Content/EngineDamageTypes/DmgTypeBP_Environmental.uexp" 146
"../../../Engine/Content/EditorResources/S_TriggerSphere.uasset" 147
"../../../Engine/Content/EditorResources/S_TriggerSphere.uexp" 148
"../../../Engine/Content/EditorResources/S_TriggerCapsule.uasset" 149
"../../../Engine/Content/EditorResources/S_TriggerCapsule.uexp" 150
"../../../Engine/Content/EditorResources/S_TriggerBox.uasset" 151
"../../../Engine/Content/EditorResources/S_TriggerBox.uexp" 152
"../../../Engine/Content/EditorResources/S_Trigger.ubulk" 153
"../../../Engine/Content/EditorResources/S_Trigger.uasset" 154
"../../../Engine/Content/EditorResources/S_Trigger.uexp" 155
"../../../Engine/Content/EditorResources/S_Terrain.ubulk" 156
"../../../Engine/Content/EditorResources/S_Terrain.uasset" 157
"../../../Engine/Content/EditorResources/S_Terrain.uexp" 158
"../../../Engine/Content/EditorResources/S_Solver.ubulk" 159
"../../../Engine/Content/EditorResources/S_Solver.uasset" 160
"../../../Engine/Content/EditorResources/S_Solver.uexp" 161
"../../../Engine/Content/EditorResources/S_BoxReflectionCapture.uasset" 162
"../../../Engine/Content/EditorResources/S_BoxReflectionCapture.uexp" 163
"../../../Engine/Content/EditorResources/S_Actor.ubulk" 164
"../../../Engine/Content/EditorResources/S_Actor.uasset" 165
"../../../Engine/Content/EditorResources/S_Actor.uexp" 166
"../../../Engine/Content/EditorResources/BSPVertex.uasset" 167
"../../../Engine/Content/EditorResources/BSPVertex.uexp" 168
"../../../Engine/Plugins/Runtime/AudioWidgets/Content/Resources/ScrubHandleDown_Clamped.uasset" 169
"../../../Engine/Plugins/Runtime/AudioWidgets/Content/Resources/ScrubHandleDown_Clamped.uexp" 170
"../../../Engine/Content/EngineResources/DefaultTexture.ubulk" 171
"../../../Engine/Content/EngineResources/DefaultTexture.uasset" 172
"../../../Engine/Content/EngineResources/DefaultTexture.uexp" 173
"C:/Users/pearc/OneDrive/Desktop/Mushroom-Knight-/MushroomKnight/Content/Portal/Purple_Portal_Sprite_Sheet.uasset" 174
"C:/Users/pearc/OneDrive/Desktop/Mushroom-Knight-/MushroomKnight/Content/Portal/Purple_Portal_Sprite_Sheet.uexp" 175
"C:/Users/pearc/OneDrive/Desktop/Mushroom-Knight-/MushroomKnight/Content/Portal/Purple_Portal_Sprite_Sheet_Sprite_0.uasset" 176
"C:/Users/pearc/OneDrive/Desktop/Mushroom-Knight-/MushroomKnight/Content/Portal/Purple_Portal_Sprite_Sheet_Sprite_0.uexp" 177
"C:/Users/pearc/OneDrive/Desktop/Mushroom-Knight-/MushroomKnight/Content/Portal/Purple_Portal_Sprite_Sheet_Sprite_1.uasset" 178
"C:/Users/pearc/OneDrive/Desktop/Mushroom-Knight-/MushroomKnight/Content/Portal/Purple_Portal_Sprite_Sheet_Sprite_1.uexp" 179
"C:/Users/pearc/OneDrive/Desktop/Mushroom-Knight-/MushroomKnight/Content/Portal/Purple_Portal_Sprite_Sheet_Sprite_2.uasset" 180
"C:/Users/pearc/OneDrive/Desktop/Mushroom-Knight-/MushroomKnight/Content/Portal/Purple_Portal_Sprite_Sheet_Sprite_2.uexp" 181
"C:/Users/pearc/OneDrive/Desktop/Mushroom-Knight-/MushroomKnight/Content/Portal/Purple_Portal_Sprite_Sheet_Sprite_3.uasset" 182
"C:/Users/pearc/OneDrive/Desktop/Mushroom-Knight-/MushroomKnight/Content/Portal/Purple_Portal_Sprite_Sheet_Sprite_3.uexp" 183
"C:/Users/pearc/OneDrive/Desktop/Mushroom-Knight-/MushroomKnight/Content/Portal/Purple_Portal_Sprite_Sheet_Sprite_4.uasset" 184
"C:/Users/pearc/OneDrive/Desktop/Mushroom-Knight-/MushroomKnight/Content/Portal/Purple_Portal_Sprite_Sheet_Sprite_4.uexp" 185
"C:/Users/pearc/OneDrive/Desktop/Mushroom-Knight-/MushroomKnight/Content/Portal/Purple_Portal_Sprite_Sheet_Sprite_5.uasset" 186
"C:/Users/pearc/OneDrive/Desktop/Mushroom-Knight-/MushroomKnight/Content/Portal/Purple_Portal_Sprite_Sheet_Sprite_5.uexp" 187
"C:/Users/pearc/OneDrive/Desktop/Mushroom-Knight-/MushroomKnight/Content/Portal/Purple_Portal_Sprite_Sheet_Sprite_6.uasset" 188
"C:/Users/pearc/OneDrive/Desktop/Mushroom-Knight-/MushroomKnight/Content/Portal/Purple_Portal_Sprite_Sheet_Sprite_6.uexp" 189
"C:/Users/pearc/OneDrive/Desktop/Mushroom-Knight-/MushroomKnight/Content/Portal/Purple_Portal_Sprite_Sheet_Sprite_7.uasset" 190
"C:/Users/pearc/OneDrive/Desktop/Mushroom-Knight-/MushroomKnight/Content/Portal/Purple_Portal_Sprite_Sheet_Sprite_7.uexp" 191
"C:/Users/pearc/OneDrive/Desktop/Mushroom-Knight-/MushroomKnight/Content/Portal/Purple_Portal_Sprite_Sheet1.uasset" 192
"C:/Users/pearc/OneDrive/Desktop/Mushroom-Knight-/MushroomKnight/Content/Portal/Purple_Portal_Sprite_Sheet1.uexp" 193
"C:/Users/pearc/OneDrive/Desktop/Mushroom-Knight-/MushroomKnight/Content/sounds/portal.ubulk" 194
"C:/Users/pearc/OneDrive/Desktop/Mushroom-Knight-/MushroomKnight/Content/sounds/portal.uasset" 195
"C:/Users/pearc/OneDrive/Desktop/Mushroom-Knight-/MushroomKnight/Content/sounds/portal.uexp" 196
"C:/Users/pearc/OneDrive/Desktop/Mushroom-Knight-/MushroomKnight/Content/Huds/WB_Levelfade.uasset" 197
"C:/Users/pearc/OneDrive/Desktop/Mushroom-Knight-/MushroomKnight/Content/Huds/WB_Levelfade.uexp" 198
"C:/Users/pearc/OneDrive/Desktop/Mushroom-Knight-/MushroomKnight/Content/Portal/BP_Portal2.uasset" 199
"C:/Users/pearc/OneDrive/Desktop/Mushroom-Knight-/MushroomKnight/Content/Portal/BP_Portal2.uexp" 200
"C:/Users/pearc/OneDrive/Desktop/Mushroom-Knight-/MushroomKnight/Content/Tilemaps/Sprites/Tiles.uasset" 201
"C:/Users/pearc/OneDrive/Desktop/Mushroom-Knight-/MushroomKnight/Content/Tilemaps/Sprites/Tiles.uexp" 202
"C:/Users/pearc/OneDrive/Desktop/Mushroom-Knight-/MushroomKnight/Content/Tilemaps/Sprites/Tiles_Sprite_0.uasset" 203
"C:/Users/pearc/OneDrive/Desktop/Mushroom-Knight-/MushroomKnight/Content/Tilemaps/Sprites/Tiles_Sprite_0.uexp" 204
"C:/Users/pearc/OneDrive/Desktop/Mushroom-Knight-/MushroomKnight/Content/Platform/Movingup.uasset" 205
"C:/Users/pearc/OneDrive/Desktop/Mushroom-Knight-/MushroomKnight/Content/Platform/Movingup.uexp" 206
"C:/Users/pearc/OneDrive/Desktop/Mushroom-Knight-/MushroomKnight/Content/sounds/woosh_s21KzKN.ubulk" 207
"C:/Users/pearc/OneDrive/Desktop/Mushroom-Knight-/MushroomKnight/Content/sounds/woosh_s21KzKN.uasset" 208
"C:/Users/pearc/OneDrive/Desktop/Mushroom-Knight-/MushroomKnight/Content/sounds/woosh_s21KzKN.uexp" 209
"C:/Users/pearc/OneDrive/Desktop/Mushroom-Knight-/MushroomKnight/Content/sounds/hurt.ubulk" 210
"C:/Users/pearc/OneDrive/Desktop/Mushroom-Knight-/MushroomKnight/Content/sounds/hurt.uasset" 211
"C:/Users/pearc/OneDrive/Desktop/Mushroom-Knight-/MushroomKnight/Content/sounds/hurt.uexp" 212
"C:/Users/pearc/OneDrive/Desktop/Mushroom-Knight-/MushroomKnight/Content/sounds/heal.ubulk" 213
"C:/Users/pearc/OneDrive/Desktop/Mushroom-Knight-/MushroomKnight/Content/sounds/heal.uasset" 214
"C:/Users/pearc/OneDrive/Desktop/Mushroom-Knight-/MushroomKnight/Content/sounds/heal.uexp" 215
"C:/Users/pearc/OneDrive/Desktop/Mushroom-Knight-/MushroomKnight/Content/sounds/shield.ubulk" 216
"C:/Users/pearc/OneDrive/Desktop/Mushroom-Knight-/MushroomKnight/Content/sounds/shield.uasset" 217
"C:/Users/pearc/OneDrive/Desktop/Mushroom-Knight-/MushroomKnight/Content/sounds/shield.uexp" 218
"C:/Users/pearc/OneDrive/Desktop/Mushroom-Knight-/MushroomKnight/Content/sounds/hurtenemy.ubulk" 219
"C:/Users/pearc/OneDrive/Desktop/Mushroom-Knight-/MushroomKnight/Content/sounds/hurtenemy.uasset" 220
"C:/Users/pearc/OneDrive/Desktop/Mushroom-Knight-/MushroomKnight/Content/sounds/hurtenemy.uexp" 221
"C:/Users/pearc/OneDrive/Desktop/Mushroom-Knight-/MushroomKnight/Content/sounds/coin.ubulk" 222
"C:/Users/pearc/OneDrive/Desktop/Mushroom-Knight-/MushroomKnight/Content/sounds/coin.uasset" 223
"C:/Users/pearc/OneDrive/Desktop/Mushroom-Knight-/MushroomKnight/Content/sounds/coin.uexp" 224
"C:/Users/pearc/OneDrive/Desktop/Mushroom-Knight-/MushroomKnight/Content/Tilemaps/Sprites/Tiles_Sprite_3.uasset" 225
"C:/Users/pearc/OneDrive/Desktop/Mushroom-Knight-/MushroomKnight/Content/Tilemaps/Sprites/Tiles_Sprite_3.uexp" 226
"C:/Users/pearc/OneDrive/Desktop/Mushroom-Knight-/MushroomKnight/Content/Pickups/BP_pickup.uasset" 227
"C:/Users/pearc/OneDrive/Desktop/Mushroom-Knight-/MushroomKnight/Content/Pickups/BP_pickup.uexp" 228
"C:/Users/pearc/OneDrive/Desktop/Mushroom-Knight-/MushroomKnight/Content/Enemys/beee/Fly-Sheet.ubulk" 229
"C:/Users/pearc/OneDrive/Desktop/Mushroom-Knight-/MushroomKnight/Content/Enemys/beee/Fly-Sheet.uasset" 230
"C:/Users/pearc/OneDrive/Desktop/Mushroom-Knight-/MushroomKnight/Content/Enemys/beee/Fly-Sheet.uexp" 231
"C:/Users/pearc/OneDrive/Desktop/Mushroom-Knight-/MushroomKnight/Content/Enemys/beee/Fly-Sheet_Sprite_0.uasset" 232
"C:/Users/pearc/OneDrive/Desktop/Mushroom-Knight-/MushroomKnight/Content/Enemys/beee/Fly-Sheet_Sprite_0.uexp" 233
"C:/Users/pearc/OneDrive/Desktop/Mushroom-Knight-/MushroomKnight/Content/Enemys/beee/Fly-Sheet_Sprite_1.uasset" 234
"C:/Users/pearc/OneDrive/Desktop/Mushroom-Knight-/MushroomKnight/Content/Enemys/beee/Fly-Sheet_Sprite_1.uexp" 235
"C:/Users/pearc/OneDrive/Desktop/Mushroom-Knight-/MushroomKnight/Content/Enemys/beee/Fly-Sheet_Sprite_2.uasset" 236
"C:/Users/pearc/OneDrive/Desktop/Mushroom-Knight-/MushroomKnight/Content/Enemys/beee/Fly-Sheet_Sprite_2.uexp" 237
"C:/Users/pearc/OneDrive/Desktop/Mushroom-Knight-/MushroomKnight/Content/Enemys/beee/Fly-Sheet_Sprite_3.uasset" 238
"C:/Users/pearc/OneDrive/Desktop/Mushroom-Knight-/MushroomKnight/Content/Enemys/beee/Fly-Sheet_Sprite_3.uexp" 239
"C:/Users/pearc/OneDrive/Desktop/Mushroom-Knight-/MushroomKnight/Content/Enemys/beee/beefly.uasset" 240
"C:/Users/pearc/OneDrive/Desktop/Mushroom-Knight-/MushroomKnight/Content/Enemys/beee/beefly.uexp" 241
"../../../Engine/Plugins/2D/Paper2D/Content/DefaultSpriteMaterial.uasset" 242
"../../../Engine/Plugins/2D/Paper2D/Content/DefaultSpriteMaterial.uexp" 243
"../../../Engine/Plugins/2D/Paper2D/Content/TranslucentUnlitSpriteMaterial.uasset" 244
"../../../Engine/Plugins/2D/Paper2D/Content/TranslucentUnlitSpriteMaterial.uexp" 245
"C:/Users/pearc/OneDrive/Desktop/Mushroom-Knight-/MushroomKnight/Content/Enemys/beee/bullet.uasset" 246
"C:/Users/pearc/OneDrive/Desktop/Mushroom-Knight-/MushroomKnight/Content/Enemys/beee/bullet.uexp" 247
"C:/Users/pearc/OneDrive/Desktop/Mushroom-Knight-/MushroomKnight/Content/Enemys/beee/bullet_Sprite_0.uasset" 248
"C:/Users/pearc/OneDrive/Desktop/Mushroom-Knight-/MushroomKnight/Content/Enemys/beee/bullet_Sprite_0.uexp" 249
"C:/Users/pearc/OneDrive/Desktop/Mushroom-Knight-/MushroomKnight/Content/Enemys/beee/BP_bullet.uasset" 250
"C:/Users/pearc/OneDrive/Desktop/Mushroom-Knight-/MushroomKnight/Content/Enemys/beee/BP_bullet.uexp" 251
"C:/Users/pearc/OneDrive/Desktop/Mushroom-Knight-/MushroomKnight/Content/Enemys/beee/BP_Shoot.uasset" 252
"C:/Users/pearc/OneDrive/Desktop/Mushroom-Knight-/MushroomKnight/Content/Enemys/beee/BP_Shoot.uexp" 253
"C:/Users/pearc/OneDrive/Desktop/Mushroom-Knight-/MushroomKnight/Content/Enemys/Snail/walk-Sheet.uasset" 254
"C:/Users/pearc/OneDrive/Desktop/Mushroom-Knight-/MushroomKnight/Content/Enemys/Snail/walk-Sheet.uexp" 255
"C:/Users/pearc/OneDrive/Desktop/Mushroom-Knight-/MushroomKnight/Content/Enemys/Snail/walk-Sheet_Sprite_0.uasset" 256
"C:/Users/pearc/OneDrive/Desktop/Mushroom-Knight-/MushroomKnight/Content/Enemys/Snail/walk-Sheet_Sprite_0.uexp" 257
"C:/Users/pearc/OneDrive/Desktop/Mushroom-Knight-/MushroomKnight/Content/Enemys/Snail/walk-Sheet_Sprite_1.uasset" 258
"C:/Users/pearc/OneDrive/Desktop/Mushroom-Knight-/MushroomKnight/Content/Enemys/Snail/walk-Sheet_Sprite_1.uexp" 259
"C:/Users/pearc/OneDrive/Desktop/Mushroom-Knight-/MushroomKnight/Content/Enemys/Snail/walk-Sheet_Sprite_2.uasset" 260
"C:/Users/pearc/OneDrive/Desktop/Mushroom-Knight-/MushroomKnight/Content/Enemys/Snail/walk-Sheet_Sprite_2.uexp" 261
"C:/Users/pearc/OneDrive/Desktop/Mushroom-Knight-/MushroomKnight/Content/Enemys/Snail/walk-Sheet_Sprite_3.uasset" 262
"C:/Users/pearc/OneDrive/Desktop/Mushroom-Knight-/MushroomKnight/Content/Enemys/Snail/walk-Sheet_Sprite_3.uexp" 263
"C:/Users/pearc/OneDrive/Desktop/Mushroom-Knight-/MushroomKnight/Content/Enemys/Snail/walk-Sheet_Sprite_4.uasset" 264
"C:/Users/pearc/OneDrive/Desktop/Mushroom-Knight-/MushroomKnight/Content/Enemys/Snail/walk-Sheet_Sprite_4.uexp" 265
"C:/Users/pearc/OneDrive/Desktop/Mushroom-Knight-/MushroomKnight/Content/Enemys/Snail/walk-Sheet_Sprite_5.uasset" 266
"C:/Users/pearc/OneDrive/Desktop/Mushroom-Knight-/MushroomKnight/Content/Enemys/Snail/walk-Sheet_Sprite_5.uexp" 267
"C:/Users/pearc/OneDrive/Desktop/Mushroom-Knight-/MushroomKnight/Content/Enemys/Snail/walk-Sheet_Sprite_6.uasset" 268
"C:/Users/pearc/OneDrive/Desktop/Mushroom-Knight-/MushroomKnight/Content/Enemys/Snail/walk-Sheet_Sprite_6.uexp" 269
"C:/Users/pearc/OneDrive/Desktop/Mushroom-Knight-/MushroomKnight/Content/Enemys/Snail/walk-Sheet_Sprite_7.uasset" 270
"C:/Users/pearc/OneDrive/Desktop/Mushroom-Knight-/MushroomKnight/Content/Enemys/Snail/walk-Sheet_Sprite_7.uexp" 271
"C:/Users/pearc/OneDrive/Desktop/Mushroom-Knight-/MushroomKnight/Content/Enemys/Snail/walk-snail.uasset" 272
"C:/Users/pearc/OneDrive/Desktop/Mushroom-Knight-/MushroomKnight/Content/Enemys/Snail/walk-snail.uexp" 273
"C:/Users/pearc/OneDrive/Desktop/Mushroom-Knight-/MushroomKnight/Content/Enemys/Snail/Dead-Sheet.uasset" 274
"C:/Users/pearc/OneDrive/Desktop/Mushroom-Knight-/MushroomKnight/Content/Enemys/Snail/Dead-Sheet.uexp" 275
"C:/Users/pearc/OneDrive/Desktop/Mushroom-Knight-/MushroomKnight/Content/Enemys/Snail/Dead-Sheet_Sprite_0.uasset" 276
"C:/Users/pearc/OneDrive/Desktop/Mushroom-Knight-/MushroomKnight/Content/Enemys/Snail/Dead-Sheet_Sprite_0.uexp" 277
"C:/Users/pearc/OneDrive/Desktop/Mushroom-Knight-/MushroomKnight/Content/Enemys/Snail/Dead-Sheet_Sprite_1.uasset" 278
"C:/Users/pearc/OneDrive/Desktop/Mushroom-Knight-/MushroomKnight/Content/Enemys/Snail/Dead-Sheet_Sprite_1.uexp" 279
"C:/Users/pearc/OneDrive/Desktop/Mushroom-Knight-/MushroomKnight/Content/Enemys/Snail/Dead-Sheet_Sprite_2.uasset" 280
"C:/Users/pearc/OneDrive/Desktop/Mushroom-Knight-/MushroomKnight/Content/Enemys/Snail/Dead-Sheet_Sprite_2.uexp" 281
"C:/Users/pearc/OneDrive/Desktop/Mushroom-Knight-/MushroomKnight/Content/Enemys/Snail/Dead-Sheet_Sprite_3.uasset" 282
"C:/Users/pearc/OneDrive/Desktop/Mushroom-Knight-/MushroomKnight/Content/Enemys/Snail/Dead-Sheet_Sprite_3.uexp" 283
"C:/Users/pearc/OneDrive/Desktop/Mushroom-Knight-/MushroomKnight/Content/Enemys/Snail/Dead-Sheet_Sprite_4.uasset" 284
"C:/Users/pearc/OneDrive/Desktop/Mushroom-Knight-/MushroomKnight/Content/Enemys/Snail/Dead-Sheet_Sprite_4.uexp" 285
"C:/Users/pearc/OneDrive/Desktop/Mushroom-Knight-/MushroomKnight/Content/Enemys/Snail/Dead-Sheet_Sprite_5.uasset" 286
"C:/Users/pearc/OneDrive/Desktop/Mushroom-Knight-/MushroomKnight/Content/Enemys/Snail/Dead-Sheet_Sprite_5.uexp" 287
"C:/Users/pearc/OneDrive/Desktop/Mushroom-Knight-/MushroomKnight/Content/Enemys/Snail/Dead-Sheet_Sprite_6.uasset" 288
"C:/Users/pearc/OneDrive/Desktop/Mushroom-Knight-/MushroomKnight/Content/Enemys/Snail/Dead-Sheet_Sprite_6.uexp" 289
"C:/Users/pearc/OneDrive/Desktop/Mushroom-Knight-/MushroomKnight/Content/Enemys/Snail/Dead-Sheet_Sprite_7.uasset" 290
"C:/Users/pearc/OneDrive/Desktop/Mushroom-Knight-/MushroomKnight/Content/Enemys/Snail/Dead-Sheet_Sprite_7.uexp" 291
"C:/Users/pearc/OneDrive/Desktop/Mushroom-Knight-/MushroomKnight/Content/Enemys/Snail/Dead-Snail.uasset" 292
"C:/Users/pearc/OneDrive/Desktop/Mushroom-Knight-/MushroomKnight/Content/Enemys/Snail/Dead-Snail.uexp" 293
"C:/Users/pearc/OneDrive/Desktop/Mushroom-Knight-/MushroomKnight/Content/Enemys/Snail/BP_Snail.uasset" 294
"C:/Users/pearc/OneDrive/Desktop/Mushroom-Knight-/MushroomKnight/Content/Enemys/Snail/BP_Snail.uexp" 295
"C:/Users/pearc/OneDrive/Desktop/Mushroom-Knight-/MushroomKnight/Content/Enemys/Bigknight/WALK.uasset" 296
"C:/Users/pearc/OneDrive/Desktop/Mushroom-Knight-/MushroomKnight/Content/Enemys/Bigknight/WALK.uexp" 297
"C:/Users/pearc/OneDrive/Desktop/Mushroom-Knight-/MushroomKnight/Content/Enemys/Bigknight/WALK_Sprite_0.uasset" 298
"C:/Users/pearc/OneDrive/Desktop/Mushroom-Knight-/MushroomKnight/Content/Enemys/Bigknight/WALK_Sprite_0.uexp" 299
"C:/Users/pearc/OneDrive/Desktop/Mushroom-Knight-/MushroomKnight/Content/Enemys/Bigknight/WALK_Sprite_1.uasset" 300
"C:/Users/pearc/OneDrive/Desktop/Mushroom-Knight-/MushroomKnight/Content/Enemys/Bigknight/WALK_Sprite_1.uexp" 301
"C:/Users/pearc/OneDrive/Desktop/Mushroom-Knight-/MushroomKnight/Content/Enemys/Bigknight/WALK_Sprite_2.uasset" 302
"C:/Users/pearc/OneDrive/Desktop/Mushroom-Knight-/MushroomKnight/Content/Enemys/Bigknight/WALK_Sprite_2.uexp" 303
"C:/Users/pearc/OneDrive/Desktop/Mushroom-Knight-/MushroomKnight/Content/Enemys/Bigknight/WALK_Sprite_3.uasset" 304
"C:/Users/pearc/OneDrive/Desktop/Mushroom-Knight-/MushroomKnight/Content/Enemys/Bigknight/WALK_Sprite_3.uexp" 305
"C:/Users/pearc/OneDrive/Desktop/Mushroom-Knight-/MushroomKnight/Content/Enemys/Bigknight/WALK_Sprite_4.uasset" 306
"C:/Users/pearc/OneDrive/Desktop/Mushroom-Knight-/MushroomKnight/Content/Enemys/Bigknight/WALK_Sprite_4.uexp" 307
"C:/Users/pearc/OneDrive/Desktop/Mushroom-Knight-/MushroomKnight/Content/Enemys/Bigknight/WALK_Sprite_5.uasset" 308
"C:/Users/pearc/OneDrive/Desktop/Mushroom-Knight-/MushroomKnight/Content/Enemys/Bigknight/WALK_Sprite_5.uexp" 309
"C:/Users/pearc/OneDrive/Desktop/Mushroom-Knight-/MushroomKnight/Content/Enemys/Bigknight/WALK_Sprite_6.uasset" 310
"C:/Users/pearc/OneDrive/Desktop/Mushroom-Knight-/MushroomKnight/Content/Enemys/Bigknight/WALK_Sprite_6.uexp" 311
"C:/Users/pearc/OneDrive/Desktop/Mushroom-Knight-/MushroomKnight/Content/Enemys/Bigknight/WALK_Sprite_7.uasset" 312
"C:/Users/pearc/OneDrive/Desktop/Mushroom-Knight-/MushroomKnight/Content/Enemys/Bigknight/WALK_Sprite_7.uexp" 313
"C:/Users/pearc/OneDrive/Desktop/Mushroom-Knight-/MushroomKnight/Content/Enemys/Bigknight/knighwalk.uasset" 314
"C:/Users/pearc/OneDrive/Desktop/Mushroom-Knight-/MushroomKnight/Content/Enemys/Bigknight/knighwalk.uexp" 315
"C:/Users/pearc/OneDrive/Desktop/Mushroom-Knight-/MushroomKnight/Content/Enemys/Bigknight/DEATH.uasset" 316
"C:/Users/pearc/OneDrive/Desktop/Mushroom-Knight-/MushroomKnight/Content/Enemys/Bigknight/DEATH.uexp" 317
"C:/Users/pearc/OneDrive/Desktop/Mushroom-Knight-/MushroomKnight/Content/Enemys/Bigknight/DEATH_Sprite_0.uasset" 318
"C:/Users/pearc/OneDrive/Desktop/Mushroom-Knight-/MushroomKnight/Content/Enemys/Bigknight/DEATH_Sprite_0.uexp" 319
"C:/Users/pearc/OneDrive/Desktop/Mushroom-Knight-/MushroomKnight/Content/Enemys/Bigknight/DEATH_Sprite_1.uasset" 320
"C:/Users/pearc/OneDrive/Desktop/Mushroom-Knight-/MushroomKnight/Content/Enemys/Bigknight/DEATH_Sprite_1.uexp" 321
"C:/Users/pearc/OneDrive/Desktop/Mushroom-Knight-/MushroomKnight/Content/Enemys/Bigknight/DEATH_Sprite_2.uasset" 322
"C:/Users/pearc/OneDrive/Desktop/Mushroom-Knight-/MushroomKnight/Content/Enemys/Bigknight/DEATH_Sprite_2.uexp" 323
"C:/Users/pearc/OneDrive/Desktop/Mushroom-Knight-/MushroomKnight/Content/Enemys/Bigknight/DEATH_Sprite_3.uasset" 324
"C:/Users/pearc/OneDrive/Desktop/Mushroom-Knight-/MushroomKnight/Content/Enemys/Bigknight/DEATH_Sprite_3.uexp" 325
"C:/Users/pearc/OneDrive/Desktop/Mushroom-Knight-/MushroomKnight/Content/Enemys/Bigknight/DEATH_Sprite_4.uasset" 326
"C:/Users/pearc/OneDrive/Desktop/Mushroom-Knight-/MushroomKnight/Content/Enemys/Bigknight/DEATH_Sprite_4.uexp" 327
"C:/Users/pearc/OneDrive/Desktop/Mushroom-Knight-/MushroomKnight/Content/Enemys/Bigknight/DEATH_Sprite_5.uasset" 328
"C:/Users/pearc/OneDrive/Desktop/Mushroom-Knight-/MushroomKnight/Content/Enemys/Bigknight/DEATH_Sprite_5.uexp" 329
"C:/Users/pearc/OneDrive/Desktop/Mushroom-Knight-/MushroomKnight/Content/Enemys/Bigknight/DEATH_Sprite_6.uasset" 330
"C:/Users/pearc/OneDrive/Desktop/Mushroom-Knight-/MushroomKnight/Content/Enemys/Bigknight/DEATH_Sprite_6.uexp" 331
"C:/Users/pearc/OneDrive/Desktop/Mushroom-Knight-/MushroomKnight/Content/Enemys/Bigknight/knightdeath.uasset" 332
"C:/Users/pearc/OneDrive/Desktop/Mushroom-Knight-/MushroomKnight/Content/Enemys/Bigknight/knightdeath.uexp" 333
"C:/Users/pearc/OneDrive/Desktop/Mushroom-Knight-/MushroomKnight/Content/Enemys/Bigknight/ATTACK.uasset" 334
"C:/Users/pearc/OneDrive/Desktop/Mushroom-Knight-/MushroomKnight/Content/Enemys/Bigknight/ATTACK.uexp" 335
"C:/Users/pearc/OneDrive/Desktop/Mushroom-Knight-/MushroomKnight/Content/Enemys/Bigknight/ATTACK_Sprite_0.uasset" 336
"C:/Users/pearc/OneDrive/Desktop/Mushroom-Knight-/MushroomKnight/Content/Enemys/Bigknight/ATTACK_Sprite_0.uexp" 337
"C:/Users/pearc/OneDrive/Desktop/Mushroom-Knight-/MushroomKnight/Content/Enemys/Bigknight/ATTACK_Sprite_1.uasset" 338
"C:/Users/pearc/OneDrive/Desktop/Mushroom-Knight-/MushroomKnight/Content/Enemys/Bigknight/ATTACK_Sprite_1.uexp" 339
"C:/Users/pearc/OneDrive/Desktop/Mushroom-Knight-/MushroomKnight/Content/Enemys/Bigknight/ATTACK_Sprite_2.uasset" 340
"C:/Users/pearc/OneDrive/Desktop/Mushroom-Knight-/MushroomKnight/Content/Enemys/Bigknight/ATTACK_Sprite_2.uexp" 341
"C:/Users/pearc/OneDrive/Desktop/Mushroom-Knight-/MushroomKnight/Content/Enemys/Bigknight/ATTACK_Sprite_3.uasset" 342
"C:/Users/pearc/OneDrive/Desktop/Mushroom-Knight-/MushroomKnight/Content/Enemys/Bigknight/ATTACK_Sprite_3.uexp" 343
"C:/Users/pearc/OneDrive/Desktop/Mushroom-Knight-/MushroomKnight/Content/Enemys/Bigknight/ATTACK_Sprite_4.uasset" 344
"C:/Users/pearc/OneDrive/Desktop/Mushroom-Knight-/MushroomKnight/Content/Enemys/Bigknight/ATTACK_Sprite_4.uexp" 345
"C:/Users/pearc/OneDrive/Desktop/Mushroom-Knight-/MushroomKnight/Content/Enemys/Bigknight/ATTACK_Sprite_5.uasset" 346
"C:/Users/pearc/OneDrive/Desktop/Mushroom-Knight-/MushroomKnight/Content/Enemys/Bigknight/ATTACK_Sprite_5.uexp" 347
"C:/Users/pearc/OneDrive/Desktop/Mushroom-Knight-/MushroomKnight/Content/Enemys/Bigknight/ATTACK_Sprite_6.uasset" 348
"C:/Users/pearc/OneDrive/Desktop/Mushroom-Knight-/MushroomKnight/Content/Enemys/Bigknight/ATTACK_Sprite_6.uexp" 349
"C:/Users/pearc/OneDrive/Desktop/Mushroom-Knight-/MushroomKnight/Content/Enemys/Bigknight/ATTACK_Sprite_8.uasset" 350
"C:/Users/pearc/OneDrive/Desktop/Mushroom-Knight-/MushroomKnight/Content/Enemys/Bigknight/ATTACK_Sprite_8.uexp" 351
"C:/Users/pearc/OneDrive/Desktop/Mushroom-Knight-/MushroomKnight/Content/Enemys/Bigknight/ATTACK_Sprite_10.uasset" 352
"C:/Users/pearc/OneDrive/Desktop/Mushroom-Knight-/MushroomKnight/Content/Enemys/Bigknight/ATTACK_Sprite_10.uexp" 353
"C:/Users/pearc/OneDrive/Desktop/Mushroom-Knight-/MushroomKnight/Content/Enemys/Bigknight/ATTACK_Sprite_12.uasset" 354
"C:/Users/pearc/OneDrive/Desktop/Mushroom-Knight-/MushroomKnight/Content/Enemys/Bigknight/ATTACK_Sprite_12.uexp" 355
"C:/Users/pearc/OneDrive/Desktop/Mushroom-Knight-/MushroomKnight/Content/Enemys/Bigknight/ATTACK_Sprite_13.uasset" 356
"C:/Users/pearc/OneDrive/Desktop/Mushroom-Knight-/MushroomKnight/Content/Enemys/Bigknight/ATTACK_Sprite_13.uexp" 357
"C:/Users/pearc/OneDrive/Desktop/Mushroom-Knight-/MushroomKnight/Content/Enemys/Bigknight/knightattack.uasset" 358
"C:/Users/pearc/OneDrive/Desktop/Mushroom-Knight-/MushroomKnight/Content/Enemys/Bigknight/knightattack.uexp" 359
"C:/Users/pearc/OneDrive/Desktop/Mushroom-Knight-/MushroomKnight/Content/Enemys/Bigknight/BP_Knight.uasset" 360
"C:/Users/pearc/OneDrive/Desktop/Mushroom-Knight-/MushroomKnight/Content/Enemys/Bigknight/BP_Knight.uexp" 361
"C:/Users/pearc/OneDrive/Desktop/Mushroom-Knight-/MushroomKnight/Content/Tilemaps/Sprites/health.uasset" 362
"C:/Users/pearc/OneDrive/Desktop/Mushroom-Knight-/MushroomKnight/Content/Tilemaps/Sprites/health.uexp" 363
"C:/Users/pearc/OneDrive/Desktop/Mushroom-Knight-/MushroomKnight/Content/Healthimages/HealthGone.uasset" 364
"C:/Users/pearc/OneDrive/Desktop/Mushroom-Knight-/MushroomKnight/Content/Healthimages/HealthGone.uexp" 365
"C:/Users/pearc/OneDrive/Desktop/Mushroom-Knight-/MushroomKnight/Content/Healthimages/HealthFull.uasset" 366
"C:/Users/pearc/OneDrive/Desktop/Mushroom-Knight-/MushroomKnight/Content/Healthimages/HealthFull.uexp" 367
"../../../Engine/Content/VREditor/Sounds/UI/Click_on_Button.ubulk" 368
"../../../Engine/Content/VREditor/Sounds/UI/Click_on_Button.uasset" 369
"../../../Engine/Content/VREditor/Sounds/UI/Click_on_Button.uexp" 370
"C:/Users/pearc/OneDrive/Desktop/Mushroom-Knight-/MushroomKnight/Content/Huds/WB_PlayerHUD.uasset" 371
"C:/Users/pearc/OneDrive/Desktop/Mushroom-Knight-/MushroomKnight/Content/Huds/WB_PlayerHUD.uexp" 372
"C:/Users/pearc/OneDrive/Desktop/Mushroom-Knight-/MushroomKnight/Content/Huds/WB_Paused.uasset" 373
"C:/Users/pearc/OneDrive/Desktop/Mushroom-Knight-/MushroomKnight/Content/Huds/WB_Paused.uexp" 374
"C:/Users/pearc/OneDrive/Desktop/Mushroom-Knight-/MushroomKnight/Content/Charchterr/BP_camshake.uasset" 375
"C:/Users/pearc/OneDrive/Desktop/Mushroom-Knight-/MushroomKnight/Content/Charchterr/BP_camshake.uexp" 376
"C:/Users/pearc/OneDrive/Desktop/Mushroom-Knight-/MushroomKnight/Content/Charchterr/As_Charchter.uasset" 377
"C:/Users/pearc/OneDrive/Desktop/Mushroom-Knight-/MushroomKnight/Content/Charchterr/As_Charchter.uexp" 378
"C:/Users/pearc/OneDrive/Desktop/Mushroom-Knight-/MushroomKnight/Content/Charchterr/Playersprites/WALK.uasset" 379
"C:/Users/pearc/OneDrive/Desktop/Mushroom-Knight-/MushroomKnight/Content/Charchterr/Playersprites/WALK.uexp" 380
"C:/Users/pearc/OneDrive/Desktop/Mushroom-Knight-/MushroomKnight/Content/Charchterr/Playersprites/WALK_Sprite_0.uasset" 381
"C:/Users/pearc/OneDrive/Desktop/Mushroom-Knight-/MushroomKnight/Content/Charchterr/Playersprites/WALK_Sprite_0.uexp" 382
"C:/Users/pearc/OneDrive/Desktop/Mushroom-Knight-/MushroomKnight/Content/Charchterr/Playersprites/WALK_Sprite_1.uasset" 383
"C:/Users/pearc/OneDrive/Desktop/Mushroom-Knight-/MushroomKnight/Content/Charchterr/Playersprites/WALK_Sprite_1.uexp" 384
"C:/Users/pearc/OneDrive/Desktop/Mushroom-Knight-/MushroomKnight/Content/Charchterr/Playersprites/WALK_Sprite_2.uasset" 385
"C:/Users/pearc/OneDrive/Desktop/Mushroom-Knight-/MushroomKnight/Content/Charchterr/Playersprites/WALK_Sprite_2.uexp" 386
"C:/Users/pearc/OneDrive/Desktop/Mushroom-Knight-/MushroomKnight/Content/Charchterr/Playersprites/WALK_Sprite_3.uasset" 387
"C:/Users/pearc/OneDrive/Desktop/Mushroom-Knight-/MushroomKnight/Content/Charchterr/Playersprites/WALK_Sprite_3.uexp" 388
"C:/Users/pearc/OneDrive/Desktop/Mushroom-Knight-/MushroomKnight/Content/Charchterr/Playersprites/WALK_Sprite_4.uasset" 389
"C:/Users/pearc/OneDrive/Desktop/Mushroom-Knight-/MushroomKnight/Content/Charchterr/Playersprites/WALK_Sprite_4.uexp" 390
"C:/Users/pearc/OneDrive/Desktop/Mushroom-Knight-/MushroomKnight/Content/Charchterr/Playersprites/WALK_Sprite_5.uasset" 391
"C:/Users/pearc/OneDrive/Desktop/Mushroom-Knight-/MushroomKnight/Content/Charchterr/Playersprites/WALK_Sprite_5.uexp" 392
"C:/Users/pearc/OneDrive/Desktop/Mushroom-Knight-/MushroomKnight/Content/Charchterr/Playersprites/WALK_Sprite_6.uasset" 393
"C:/Users/pearc/OneDrive/Desktop/Mushroom-Knight-/MushroomKnight/Content/Charchterr/Playersprites/WALK_Sprite_6.uexp" 394
"C:/Users/pearc/OneDrive/Desktop/Mushroom-Knight-/MushroomKnight/Content/Charchterr/Playersprites/WALK_Sprite_7.uasset" 395
"C:/Users/pearc/OneDrive/Desktop/Mushroom-Knight-/MushroomKnight/Content/Charchterr/Playersprites/WALK_Sprite_7.uexp" 396
"C:/Users/pearc/OneDrive/Desktop/Mushroom-Knight-/MushroomKnight/Content/Charchterr/Playersprites/Move.uasset" 397
"C:/Users/pearc/OneDrive/Desktop/Mushroom-Knight-/MushroomKnight/Content/Charchterr/Playersprites/Move.uexp" 398
"C:/Users/pearc/OneDrive/Desktop/Mushroom-Knight-/MushroomKnight/Content/Charchterr/AnimSequences/Walk.uasset" 399
"C:/Users/pearc/OneDrive/Desktop/Mushroom-Knight-/MushroomKnight/Content/Charchterr/AnimSequences/Walk.uexp" 400
"C:/Users/pearc/OneDrive/Desktop/Mushroom-Knight-/MushroomKnight/Content/Charchterr/Playersprites/JUMP.uasset" 401
"C:/Users/pearc/OneDrive/Desktop/Mushroom-Knight-/MushroomKnight/Content/Charchterr/Playersprites/JUMP.uexp" 402
"C:/Users/pearc/OneDrive/Desktop/Mushroom-Knight-/MushroomKnight/Content/Charchterr/Playersprites/JUMP_Sprite_0.uasset" 403
"C:/Users/pearc/OneDrive/Desktop/Mushroom-Knight-/MushroomKnight/Content/Charchterr/Playersprites/JUMP_Sprite_0.uexp" 404
"C:/Users/pearc/OneDrive/Desktop/Mushroom-Knight-/MushroomKnight/Content/Charchterr/Playersprites/JUMP_Sprite_1.uasset" 405
"C:/Users/pearc/OneDrive/Desktop/Mushroom-Knight-/MushroomKnight/Content/Charchterr/Playersprites/JUMP_Sprite_1.uexp" 406
"C:/Users/pearc/OneDrive/Desktop/Mushroom-Knight-/MushroomKnight/Content/Charchterr/Playersprites/JUMP_Sprite_2.uasset" 407
"C:/Users/pearc/OneDrive/Desktop/Mushroom-Knight-/MushroomKnight/Content/Charchterr/Playersprites/JUMP_Sprite_2.uexp" 408
"C:/Users/pearc/OneDrive/Desktop/Mushroom-Knight-/MushroomKnight/Content/Charchterr/Playersprites/JUMP_Sprite_3.uasset" 409
"C:/Users/pearc/OneDrive/Desktop/Mushroom-Knight-/MushroomKnight/Content/Charchterr/Playersprites/JUMP_Sprite_3.uexp" 410
"C:/Users/pearc/OneDrive/Desktop/Mushroom-Knight-/MushroomKnight/Content/Charchterr/Playersprites/JUMP_Sprite_4.uasset" 411
"C:/Users/pearc/OneDrive/Desktop/Mushroom-Knight-/MushroomKnight/Content/Charchterr/Playersprites/JUMP_Sprite_4.uexp" 412
"C:/Users/pearc/OneDrive/Desktop/Mushroom-Knight-/MushroomKnight/Content/Charchterr/Playersprites/JUMP1.uasset" 413
"C:/Users/pearc/OneDrive/Desktop/Mushroom-Knight-/MushroomKnight/Content/Charchterr/Playersprites/JUMP1.uexp" 414
"C:/Users/pearc/OneDrive/Desktop/Mushroom-Knight-/MushroomKnight/Content/Charchterr/AnimSequences/Jump.uasset" 415
"C:/Users/pearc/OneDrive/Desktop/Mushroom-Knight-/MushroomKnight/Content/Charchterr/AnimSequences/Jump.uexp" 416
"C:/Users/pearc/OneDrive/Desktop/Mushroom-Knight-/MushroomKnight/Content/Charchterr/Playersprites/IDLE.uasset" 417
"C:/Users/pearc/OneDrive/Desktop/Mushroom-Knight-/MushroomKnight/Content/Charchterr/Playersprites/IDLE.uexp" 418
"C:/Users/pearc/OneDrive/Desktop/Mushroom-Knight-/MushroomKnight/Content/Charchterr/Playersprites/IDLE_Sprite_0.uasset" 419
"C:/Users/pearc/OneDrive/Desktop/Mushroom-Knight-/MushroomKnight/Content/Charchterr/Playersprites/IDLE_Sprite_0.uexp" 420
"C:/Users/pearc/OneDrive/Desktop/Mushroom-Knight-/MushroomKnight/Content/Charchterr/Playersprites/IDLE_Sprite_1.uasset" 421
"C:/Users/pearc/OneDrive/Desktop/Mushroom-Knight-/MushroomKnight/Content/Charchterr/Playersprites/IDLE_Sprite_1.uexp" 422
"C:/Users/pearc/OneDrive/Desktop/Mushroom-Knight-/MushroomKnight/Content/Charchterr/Playersprites/IDLE_Sprite_2.uasset" 423
"C:/Users/pearc/OneDrive/Desktop/Mushroom-Knight-/MushroomKnight/Content/Charchterr/Playersprites/IDLE_Sprite_2.uexp" 424
"C:/Users/pearc/OneDrive/Desktop/Mushroom-Knight-/MushroomKnight/Content/Charchterr/Playersprites/IDLE_Sprite_3.uasset" 425
"C:/Users/pearc/OneDrive/Desktop/Mushroom-Knight-/MushroomKnight/Content/Charchterr/Playersprites/IDLE_Sprite_3.uexp" 426
"C:/Users/pearc/OneDrive/Desktop/Mushroom-Knight-/MushroomKnight/Content/Charchterr/Playersprites/IDLE_Sprite_4.uasset" 427
"C:/Users/pearc/OneDrive/Desktop/Mushroom-Knight-/MushroomKnight/Content/Charchterr/Playersprites/IDLE_Sprite_4.uexp" 428
"C:/Users/pearc/OneDrive/Desktop/Mushroom-Knight-/MushroomKnight/Content/Charchterr/Playersprites/IDLE_Sprite_5.uasset" 429
"C:/Users/pearc/OneDrive/Desktop/Mushroom-Knight-/MushroomKnight/Content/Charchterr/Playersprites/IDLE_Sprite_5.uexp" 430
"C:/Users/pearc/OneDrive/Desktop/Mushroom-Knight-/MushroomKnight/Content/Charchterr/Playersprites/IDLE1.uasset" 431
"C:/Users/pearc/OneDrive/Desktop/Mushroom-Knight-/MushroomKnight/Content/Charchterr/Playersprites/IDLE1.uexp" 432
"C:/Users/pearc/OneDrive/Desktop/Mushroom-Knight-/MushroomKnight/Content/Charchterr/AnimSequences/Idel.uasset" 433
"C:/Users/pearc/OneDrive/Desktop/Mushroom-Knight-/MushroomKnight/Content/Charchterr/AnimSequences/Idel.uexp" 434
"C:/Users/pearc/OneDrive/Desktop/Mushroom-Knight-/MushroomKnight/Content/Charchterr/Playersprites/ATTACK_1.uasset" 435
"C:/Users/pearc/OneDrive/Desktop/Mushroom-Knight-/MushroomKnight/Content/Charchterr/Playersprites/ATTACK_1.uexp" 436
"C:/Users/pearc/OneDrive/Desktop/Mushroom-Knight-/MushroomKnight/Content/Charchterr/Playersprites/ATTACK_1_Sprite_0.uasset" 437
"C:/Users/pearc/OneDrive/Desktop/Mushroom-Knight-/MushroomKnight/Content/Charchterr/Playersprites/ATTACK_1_Sprite_0.uexp" 438
"C:/Users/pearc/OneDrive/Desktop/Mushroom-Knight-/MushroomKnight/Content/Charchterr/Playersprites/ATTACK_1_Sprite_1.uasset" 439
"C:/Users/pearc/OneDrive/Desktop/Mushroom-Knight-/MushroomKnight/Content/Charchterr/Playersprites/ATTACK_1_Sprite_1.uexp" 440
"C:/Users/pearc/OneDrive/Desktop/Mushroom-Knight-/MushroomKnight/Content/Charchterr/Playersprites/ATTACK_1_Sprite_2.uasset" 441
"C:/Users/pearc/OneDrive/Desktop/Mushroom-Knight-/MushroomKnight/Content/Charchterr/Playersprites/ATTACK_1_Sprite_2.uexp" 442
"C:/Users/pearc/OneDrive/Desktop/Mushroom-Knight-/MushroomKnight/Content/Charchterr/Playersprites/ATTACK_1_Sprite_3.uasset" 443
"C:/Users/pearc/OneDrive/Desktop/Mushroom-Knight-/MushroomKnight/Content/Charchterr/Playersprites/ATTACK_1_Sprite_3.uexp" 444
"C:/Users/pearc/OneDrive/Desktop/Mushroom-Knight-/MushroomKnight/Content/Charchterr/Playersprites/ATTACK_1_Sprite_4.uasset" 445
"C:/Users/pearc/OneDrive/Desktop/Mushroom-Knight-/MushroomKnight/Content/Charchterr/Playersprites/ATTACK_1_Sprite_4.uexp" 446
"C:/Users/pearc/OneDrive/Desktop/Mushroom-Knight-/MushroomKnight/Content/Charchterr/Playersprites/ATTACK_1_Sprite_5.uasset" 447
"C:/Users/pearc/OneDrive/Desktop/Mushroom-Knight-/MushroomKnight/Content/Charchterr/Playersprites/ATTACK_1_Sprite_5.uexp" 448
"C:/Users/pearc/OneDrive/Desktop/Mushroom-Knight-/MushroomKnight/Content/Charchterr/Playersprites/ATTACK.uasset" 449
"C:/Users/pearc/OneDrive/Desktop/Mushroom-Knight-/MushroomKnight/Content/Charchterr/Playersprites/ATTACK.uexp" 450
"C:/Users/pearc/OneDrive/Desktop/Mushroom-Knight-/MushroomKnight/Content/Charchterr/AnimSequences/Attack.uasset" 451
"C:/Users/pearc/OneDrive/Desktop/Mushroom-Knight-/MushroomKnight/Content/Charchterr/AnimSequences/Attack.uexp" 452
"C:/Users/pearc/OneDrive/Desktop/Mushroom-Knight-/MushroomKnight/Content/Charchterr/Playersprites/DEATH.uasset" 453
"C:/Users/pearc/OneDrive/Desktop/Mushroom-Knight-/MushroomKnight/Content/Charchterr/Playersprites/DEATH.uexp" 454
"C:/Users/pearc/OneDrive/Desktop/Mushroom-Knight-/MushroomKnight/Content/Charchterr/Playersprites/DEATH_Sprite_0.uasset" 455
"C:/Users/pearc/OneDrive/Desktop/Mushroom-Knight-/MushroomKnight/Content/Charchterr/Playersprites/DEATH_Sprite_0.uexp" 456
"C:/Users/pearc/OneDrive/Desktop/Mushroom-Knight-/MushroomKnight/Content/Charchterr/Playersprites/DEATH_Sprite_1.uasset" 457
"C:/Users/pearc/OneDrive/Desktop/Mushroom-Knight-/MushroomKnight/Content/Charchterr/Playersprites/DEATH_Sprite_1.uexp" 458
"C:/Users/pearc/OneDrive/Desktop/Mushroom-Knight-/MushroomKnight/Content/Charchterr/Playersprites/DEATH_Sprite_2.uasset" 459
"C:/Users/pearc/OneDrive/Desktop/Mushroom-Knight-/MushroomKnight/Content/Charchterr/Playersprites/DEATH_Sprite_2.uexp" 460
"C:/Users/pearc/OneDrive/Desktop/Mushroom-Knight-/MushroomKnight/Content/Charchterr/Playersprites/DEATH_Sprite_3.uasset" 461
"C:/Users/pearc/OneDrive/Desktop/Mushroom-Knight-/MushroomKnight/Content/Charchterr/Playersprites/DEATH_Sprite_3.uexp" 462
"C:/Users/pearc/OneDrive/Desktop/Mushroom-Knight-/MushroomKnight/Content/Charchterr/Playersprites/DEATH_Sprite_4.uasset" 463
"C:/Users/pearc/OneDrive/Desktop/Mushroom-Knight-/MushroomKnight/Content/Charchterr/Playersprites/DEATH_Sprite_4.uexp" 464
"C:/Users/pearc/OneDrive/Desktop/Mushroom-Knight-/MushroomKnight/Content/Charchterr/Playersprites/DEATH_Sprite_5.uasset" 465
"C:/Users/pearc/OneDrive/Desktop/Mushroom-Knight-/MushroomKnight/Content/Charchterr/Playersprites/DEATH_Sprite_5.uexp" 466
"C:/Users/pearc/OneDrive/Desktop/Mushroom-Knight-/MushroomKnight/Content/Charchterr/Playersprites/DEATH_Sprite_6.uasset" 467
"C:/Users/pearc/OneDrive/Desktop/Mushroom-Knight-/MushroomKnight/Content/Charchterr/Playersprites/DEATH_Sprite_6.uexp" 468
"C:/Users/pearc/OneDrive/Desktop/Mushroom-Knight-/MushroomKnight/Content/Charchterr/Playersprites/DEATH_Sprite_7.uasset" 469
"C:/Users/pearc/OneDrive/Desktop/Mushroom-Knight-/MushroomKnight/Content/Charchterr/Playersprites/DEATH_Sprite_7.uexp" 470
"C:/Users/pearc/OneDrive/Desktop/Mushroom-Knight-/MushroomKnight/Content/Charchterr/Playersprites/DEATH_Sprite_8.uasset" 471
"C:/Users/pearc/OneDrive/Desktop/Mushroom-Knight-/MushroomKnight/Content/Charchterr/Playersprites/DEATH_Sprite_8.uexp" 472
"C:/Users/pearc/OneDrive/Desktop/Mushroom-Knight-/MushroomKnight/Content/Charchterr/Playersprites/DEATH_Sprite_9.uasset" 473
"C:/Users/pearc/OneDrive/Desktop/Mushroom-Knight-/MushroomKnight/Content/Charchterr/Playersprites/DEATH_Sprite_9.uexp" 474
"C:/Users/pearc/OneDrive/Desktop/Mushroom-Knight-/MushroomKnight/Content/Charchterr/Playersprites/DEATH_Sprite_10.uasset" 475
"C:/Users/pearc/OneDrive/Desktop/Mushroom-Knight-/MushroomKnight/Content/Charchterr/Playersprites/DEATH_Sprite_10.uexp" 476
"C:/Users/pearc/OneDrive/Desktop/Mushroom-Knight-/MushroomKnight/Content/Charchterr/Playersprites/DEATH_Sprite_11.uasset" 477
"C:/Users/pearc/OneDrive/Desktop/Mushroom-Knight-/MushroomKnight/Content/Charchterr/Playersprites/DEATH_Sprite_11.uexp" 478
"C:/Users/pearc/OneDrive/Desktop/Mushroom-Knight-/MushroomKnight/Content/Charchterr/Playersprites/DEATH1.uasset" 479
"C:/Users/pearc/OneDrive/Desktop/Mushroom-Knight-/MushroomKnight/Content/Charchterr/Playersprites/DEATH1.uexp" 480
"C:/Users/pearc/OneDrive/Desktop/Mushroom-Knight-/MushroomKnight/Content/Charchterr/AnimSequences/Death.uasset" 481
"C:/Users/pearc/OneDrive/Desktop/Mushroom-Knight-/MushroomKnight/Content/Charchterr/AnimSequences/Death.uexp" 482
"C:/Users/pearc/OneDrive/Desktop/Mushroom-Knight-/MushroomKnight/Content/Charchterr/Playersprites/DEFEND.uasset" 483
"C:/Users/pearc/OneDrive/Desktop/Mushroom-Knight-/MushroomKnight/Content/Charchterr/Playersprites/DEFEND.uexp" 484
"C:/Users/pearc/OneDrive/Desktop/Mushroom-Knight-/MushroomKnight/Content/Charchterr/Playersprites/DEFEND_Sprite_0.uasset" 485
"C:/Users/pearc/OneDrive/Desktop/Mushroom-Knight-/MushroomKnight/Content/Charchterr/Playersprites/DEFEND_Sprite_0.uexp" 486
"C:/Users/pearc/OneDrive/Desktop/Mushroom-Knight-/MushroomKnight/Content/Charchterr/Playersprites/DEFEND_Sprite_1.uasset" 487
"C:/Users/pearc/OneDrive/Desktop/Mushroom-Knight-/MushroomKnight/Content/Charchterr/Playersprites/DEFEND_Sprite_1.uexp" 488
"C:/Users/pearc/OneDrive/Desktop/Mushroom-Knight-/MushroomKnight/Content/Charchterr/Playersprites/DEFEND_Sprite_2.uasset" 489
"C:/Users/pearc/OneDrive/Desktop/Mushroom-Knight-/MushroomKnight/Content/Charchterr/Playersprites/DEFEND_Sprite_2.uexp" 490
"C:/Users/pearc/OneDrive/Desktop/Mushroom-Knight-/MushroomKnight/Content/Charchterr/Playersprites/DEFEND_Sprite_3.uasset" 491
"C:/Users/pearc/OneDrive/Desktop/Mushroom-Knight-/MushroomKnight/Content/Charchterr/Playersprites/DEFEND_Sprite_3.uexp" 492
"C:/Users/pearc/OneDrive/Desktop/Mushroom-Knight-/MushroomKnight/Content/Charchterr/Playersprites/DEFEND_Sprite_4.uasset" 493
"C:/Users/pearc/OneDrive/Desktop/Mushroom-Knight-/MushroomKnight/Content/Charchterr/Playersprites/DEFEND_Sprite_4.uexp" 494
"C:/Users/pearc/OneDrive/Desktop/Mushroom-Knight-/MushroomKnight/Content/Charchterr/Playersprites/DEFEND_Sprite_5.uasset" 495
"C:/Users/pearc/OneDrive/Desktop/Mushroom-Knight-/MushroomKnight/Content/Charchterr/Playersprites/DEFEND_Sprite_5.uexp" 496
"C:/Users/pearc/OneDrive/Desktop/Mushroom-Knight-/MushroomKnight/Content/Charchterr/Playersprites/DEFEND1.uasset" 497
"C:/Users/pearc/OneDrive/Desktop/Mushroom-Knight-/MushroomKnight/Content/Charchterr/Playersprites/DEFEND1.uexp" 498
"C:/Users/pearc/OneDrive/Desktop/Mushroom-Knight-/MushroomKnight/Content/Charchterr/AnimSequences/Block.uasset" 499
"C:/Users/pearc/OneDrive/Desktop/Mushroom-Knight-/MushroomKnight/Content/Charchterr/AnimSequences/Block.uexp" 500
"C:/Users/pearc/OneDrive/Desktop/Mushroom-Knight-/MushroomKnight/Content/Charchterr/ABP_Charchter.uasset" 501
"C:/Users/pearc/OneDrive/Desktop/Mushroom-Knight-/MushroomKnight/Content/Charchterr/ABP_Charchter.uexp" 502
"C:/Users/pearc/OneDrive/Desktop/Mushroom-Knight-/MushroomKnight/Content/Charchterr/Inputs/IA_Pause.uasset" 503
"C:/Users/pearc/OneDrive/Desktop/Mushroom-Knight-/MushroomKnight/Content/Charchterr/Inputs/IA_Pause.uexp" 504
"C:/Users/pearc/OneDrive/Desktop/Mushroom-Knight-/MushroomKnight/Content/Charchterr/Inputs/IA_movement.uasset" 505
"C:/Users/pearc/OneDrive/Desktop/Mushroom-Knight-/MushroomKnight/Content/Charchterr/Inputs/IA_movement.uexp" 506
"C:/Users/pearc/OneDrive/Desktop/Mushroom-Knight-/MushroomKnight/Content/Charchterr/Inputs/IA_Jump.uasset" 507
"C:/Users/pearc/OneDrive/Desktop/Mushroom-Knight-/MushroomKnight/Content/Charchterr/Inputs/IA_Jump.uexp" 508
"C:/Users/pearc/OneDrive/Desktop/Mushroom-Knight-/MushroomKnight/Content/Charchterr/Inputs/IA_interact.uasset" 509
"C:/Users/pearc/OneDrive/Desktop/Mushroom-Knight-/MushroomKnight/Content/Charchterr/Inputs/IA_interact.uexp" 510
"C:/Users/pearc/OneDrive/Desktop/Mushroom-Knight-/MushroomKnight/Content/Charchterr/Inputs/IA_Heal.uasset" 511
"C:/Users/pearc/OneDrive/Desktop/Mushroom-Knight-/MushroomKnight/Content/Charchterr/Inputs/IA_Heal.uexp" 512
"C:/Users/pearc/OneDrive/Desktop/Mushroom-Knight-/MushroomKnight/Content/Charchterr/Inputs/IA_Block.uasset" 513
"C:/Users/pearc/OneDrive/Desktop/Mushroom-Knight-/MushroomKnight/Content/Charchterr/Inputs/IA_Block.uexp" 514
"C:/Users/pearc/OneDrive/Desktop/Mushroom-Knight-/MushroomKnight/Content/Charchterr/Inputs/IA_Attack.uasset" 515
"C:/Users/pearc/OneDrive/Desktop/Mushroom-Knight-/MushroomKnight/Content/Charchterr/Inputs/IA_Attack.uexp" 516
"C:/Users/pearc/OneDrive/Desktop/Mushroom-Knight-/MushroomKnight/Content/Charchterr/Inputs/IMC_MappingPlayer.uasset" 517
"C:/Users/pearc/OneDrive/Desktop/Mushroom-Knight-/MushroomKnight/Content/Charchterr/Inputs/IMC_MappingPlayer.uexp" 518
"C:/Users/pearc/OneDrive/Desktop/Mushroom-Knight-/MushroomKnight/Content/Charchterr/BP_Charchter.uasset" 519
"C:/Users/pearc/OneDrive/Desktop/Mushroom-Knight-/MushroomKnight/Content/Charchterr/BP_Charchter.uexp" 520
"C:/Users/pearc/OneDrive/Desktop/Mushroom-Knight-/MushroomKnight/Content/Enemys/Skeltonart/WALK.uasset" 521
"C:/Users/pearc/OneDrive/Desktop/Mushroom-Knight-/MushroomKnight/Content/Enemys/Skeltonart/WALK.uexp" 522
"C:/Users/pearc/OneDrive/Desktop/Mushroom-Knight-/MushroomKnight/Content/Enemys/Skeltonart/WALK_Sprite_0.uasset" 523
"C:/Users/pearc/OneDrive/Desktop/Mushroom-Knight-/MushroomKnight/Content/Enemys/Skeltonart/WALK_Sprite_0.uexp" 524
"C:/Users/pearc/OneDrive/Desktop/Mushroom-Knight-/MushroomKnight/Content/Enemys/Skeltonart/WALK_Sprite_1.uasset" 525
"C:/Users/pearc/OneDrive/Desktop/Mushroom-Knight-/MushroomKnight/Content/Enemys/Skeltonart/WALK_Sprite_1.uexp" 526
"C:/Users/pearc/OneDrive/Desktop/Mushroom-Knight-/MushroomKnight/Content/Enemys/Skeltonart/WALK_Sprite_2.uasset" 527
"C:/Users/pearc/OneDrive/Desktop/Mushroom-Knight-/MushroomKnight/Content/Enemys/Skeltonart/WALK_Sprite_2.uexp" 528
"C:/Users/pearc/OneDrive/Desktop/Mushroom-Knight-/MushroomKnight/Content/Enemys/Skeltonart/WALK_Sprite_3.uasset" 529
"C:/Users/pearc/OneDrive/Desktop/Mushroom-Knight-/MushroomKnight/Content/Enemys/Skeltonart/WALK_Sprite_3.uexp" 530
"C:/Users/pearc/OneDrive/Desktop/Mushroom-Knight-/MushroomKnight/Content/Enemys/Skeltonart/WALK_Sprite_4.uasset" 531
"C:/Users/pearc/OneDrive/Desktop/Mushroom-Knight-/MushroomKnight/Content/Enemys/Skeltonart/WALK_Sprite_4.uexp" 532
"C:/Users/pearc/OneDrive/Desktop/Mushroom-Knight-/MushroomKnight/Content/Enemys/Skeltonart/WALK_Sprite_5.uasset" 533
"C:/Users/pearc/OneDrive/Desktop/Mushroom-Knight-/MushroomKnight/Content/Enemys/Skeltonart/WALK_Sprite_5.uexp" 534
"C:/Users/pearc/OneDrive/Desktop/Mushroom-Knight-/MushroomKnight/Content/Enemys/Skeltonart/Skelwalk.uasset" 535
"C:/Users/pearc/OneDrive/Desktop/Mushroom-Knight-/MushroomKnight/Content/Enemys/Skeltonart/Skelwalk.uexp" 536
"C:/Users/pearc/OneDrive/Desktop/Mushroom-Knight-/MushroomKnight/Content/Enemys/Skeltonart/DEATH.uasset" 537
"C:/Users/pearc/OneDrive/Desktop/Mushroom-Knight-/MushroomKnight/Content/Enemys/Skeltonart/DEATH.uexp" 538
"C:/Users/pearc/OneDrive/Desktop/Mushroom-Knight-/MushroomKnight/Content/Enemys/Skeltonart/DEATH_Sprite_0.uasset" 539
"C:/Users/pearc/OneDrive/Desktop/Mushroom-Knight-/MushroomKnight/Content/Enemys/Skeltonart/DEATH_Sprite_0.uexp" 540
"C:/Users/pearc/OneDrive/Desktop/Mushroom-Knight-/MushroomKnight/Content/Enemys/Skeltonart/DEATH_Sprite_1.uasset" 541
"C:/Users/pearc/OneDrive/Desktop/Mushroom-Knight-/MushroomKnight/Content/Enemys/Skeltonart/DEATH_Sprite_1.uexp" 542
"C:/Users/pearc/OneDrive/Desktop/Mushroom-Knight-/MushroomKnight/Content/Enemys/Skeltonart/DEATH_Sprite_2.uasset" 543
"C:/Users/pearc/OneDrive/Desktop/Mushroom-Knight-/MushroomKnight/Content/Enemys/Skeltonart/DEATH_Sprite_2.uexp" 544
"C:/Users/pearc/OneDrive/Desktop/Mushroom-Knight-/MushroomKnight/Content/Enemys/Skeltonart/DEATH_Sprite_3.uasset" 545
"C:/Users/pearc/OneDrive/Desktop/Mushroom-Knight-/MushroomKnight/Content/Enemys/Skeltonart/DEATH_Sprite_3.uexp" 546
"C:/Users/pearc/OneDrive/Desktop/Mushroom-Knight-/MushroomKnight/Content/Enemys/Skeltonart/DEATH_Sprite_4.uasset" 547
"C:/Users/pearc/OneDrive/Desktop/Mushroom-Knight-/MushroomKnight/Content/Enemys/Skeltonart/DEATH_Sprite_4.uexp" 548
"C:/Users/pearc/OneDrive/Desktop/Mushroom-Knight-/MushroomKnight/Content/Enemys/Skeltonart/DEATH_Sprite_5.uasset" 549
"C:/Users/pearc/OneDrive/Desktop/Mushroom-Knight-/MushroomKnight/Content/Enemys/Skeltonart/DEATH_Sprite_5.uexp" 550
"C:/Users/pearc/OneDrive/Desktop/Mushroom-Knight-/MushroomKnight/Content/Enemys/Skeltonart/Skellodeath.uasset" 551
"C:/Users/pearc/OneDrive/Desktop/Mushroom-Knight-/MushroomKnight/Content/Enemys/Skeltonart/Skellodeath.uexp" 552
"C:/Users/pearc/OneDrive/Desktop/Mushroom-Knight-/MushroomKnight/Content/Enemys/Skeltonart/ATTACK_2.uasset" 553
"C:/Users/pearc/OneDrive/Desktop/Mushroom-Knight-/MushroomKnight/Content/Enemys/Skeltonart/ATTACK_2.uexp" 554
"C:/Users/pearc/OneDrive/Desktop/Mushroom-Knight-/MushroomKnight/Content/Enemys/Skeltonart/ATTACK_2_Sprite_0.uasset" 555
"C:/Users/pearc/OneDrive/Desktop/Mushroom-Knight-/MushroomKnight/Content/Enemys/Skeltonart/ATTACK_2_Sprite_0.uexp" 556
"C:/Users/pearc/OneDrive/Desktop/Mushroom-Knight-/MushroomKnight/Content/Enemys/Skeltonart/ATTACK_2_Sprite_1.uasset" 557
"C:/Users/pearc/OneDrive/Desktop/Mushroom-Knight-/MushroomKnight/Content/Enemys/Skeltonart/ATTACK_2_Sprite_1.uexp" 558
"C:/Users/pearc/OneDrive/Desktop/Mushroom-Knight-/MushroomKnight/Content/Enemys/Skeltonart/ATTACK_2_Sprite_2.uasset" 559
"C:/Users/pearc/OneDrive/Desktop/Mushroom-Knight-/MushroomKnight/Content/Enemys/Skeltonart/ATTACK_2_Sprite_2.uexp" 560
"C:/Users/pearc/OneDrive/Desktop/Mushroom-Knight-/MushroomKnight/Content/Enemys/Skeltonart/ATTACK_2_Sprite_3.uasset" 561
"C:/Users/pearc/OneDrive/Desktop/Mushroom-Knight-/MushroomKnight/Content/Enemys/Skeltonart/ATTACK_2_Sprite_3.uexp" 562
"C:/Users/pearc/OneDrive/Desktop/Mushroom-Knight-/MushroomKnight/Content/Enemys/Skeltonart/ATTACK_2_Sprite_4.uasset" 563
"C:/Users/pearc/OneDrive/Desktop/Mushroom-Knight-/MushroomKnight/Content/Enemys/Skeltonart/ATTACK_2_Sprite_4.uexp" 564
"C:/Users/pearc/OneDrive/Desktop/Mushroom-Knight-/MushroomKnight/Content/Enemys/Skeltonart/skelattack.uasset" 565
"C:/Users/pearc/OneDrive/Desktop/Mushroom-Knight-/MushroomKnight/Content/Enemys/Skeltonart/skelattack.uexp" 566
"C:/Users/pearc/OneDrive/Desktop/Mushroom-Knight-/MushroomKnight/Content/Enemys/BP_Skell.uasset" 567
"C:/Users/pearc/OneDrive/Desktop/Mushroom-Knight-/MushroomKnight/Content/Enemys/BP_Skell.uexp" 568
"../../../Engine/Content/EditorMaterials/ParticleSystems/PSysThumbnail_OOD.ubulk" 569
"../../../Engine/Content/EditorMaterials/ParticleSystems/PSysThumbnail_OOD.uasset" 570
"../../../Engine/Content/EditorMaterials/ParticleSystems/PSysThumbnail_OOD.uexp" 571
"../../../Engine/Content/EditorMaterials/ParticleSystems/PSysThumbnail_NoImage.ubulk" 572
"../../../Engine/Content/EditorMaterials/ParticleSystems/PSysThumbnail_NoImage.uasset" 573
"../../../Engine/Content/EditorMaterials/ParticleSystems/PSysThumbnail_NoImage.uexp" 574
"../../../Engine/Content/EngineResources/FilmGrains/Marcie_Grain_v3_128_M2_000.uasset" 575
"../../../Engine/Content/EngineResources/FilmGrains/Marcie_Grain_v3_128_M2_000.uexp" 576
"../../../Engine/Content/EngineResources/Development/ZenLogo_64.uasset" 577
"../../../Engine/Content/EngineResources/Development/ZenLogo_64.uexp" 578
"../../../Engine/Content/EngineMaterials/LTC/Sheen_LTC.uasset" 579
"../../../Engine/Content/EngineMaterials/LTC/Sheen_LTC.uexp" 580
"../../../Engine/Content/EngineMaterials/LTC/GGX_LTCMat.uasset" 581
"../../../Engine/Content/EngineMaterials/LTC/GGX_LTCMat.uexp" 582
"../../../Engine/Content/EngineMaterials/LTC/GGX_LTCAmp.uasset" 583
"../../../Engine/Content/EngineMaterials/LTC/GGX_LTCAmp.uexp" 584
"../../../Engine/Content/EngineMaterials/EnergyConservation/Sheen_Energy.uasset" 585
"../../../Engine/Content/EngineMaterials/EnergyConservation/Sheen_Energy.uexp" 586
"../../../Engine/Content/EngineMaterials/EnergyConservation/SheenLegacy_Energy.uasset" 587
"../../../Engine/Content/EngineMaterials/EnergyConservation/SheenLegacy_Energy.uexp" 588
"../../../Engine/Content/EngineMaterials/EnergyConservation/GGX_TransmissionEnergyArray.uasset" 589
"../../../Engine/Content/EngineMaterials/EnergyConservation/GGX_TransmissionEnergyArray.uexp" 590
"../../../Engine/Content/EngineMaterials/EnergyConservation/GGX_ReflectionEnergy.uasset" 591
"../../../Engine/Content/EngineMaterials/EnergyConservation/GGX_ReflectionEnergy.uexp" 592
"../../../Engine/Content/EngineMaterials/EnergyConservation/Diffuse_Energy.uasset" 593
"../../../Engine/Content/EngineMaterials/EnergyConservation/Diffuse_Energy.uexp" 594
"../../../Engine/Content/EditorResources/SequenceRecorder/RecordingIndicator.uasset" 595
"../../../Engine/Content/EditorResources/SequenceRecorder/RecordingIndicator.uexp" 596
"../../../Engine/Content/EditorResources/SequenceRecorder/Countdown.uasset" 597
"../../../Engine/Content/EditorResources/SequenceRecorder/Countdown.uexp" 598
"C:/Users/pearc/OneDrive/Desktop/Mushroom-Knight-/MushroomKnight/Content/Tilemaps/Sprites/Props-Rocks.uasset" 599
"C:/Users/pearc/OneDrive/Desktop/Mushroom-Knight-/MushroomKnight/Content/Tilemaps/Sprites/Props-Rocks.uexp" 600
"C:/Users/pearc/OneDrive/Desktop/Mushroom-Knight-/MushroomKnight/Content/Tilemaps/Sprites/Buildings.uasset" 601
"C:/Users/pearc/OneDrive/Desktop/Mushroom-Knight-/MushroomKnight/Content/Tilemaps/Sprites/Buildings.uexp" 602
"C:/Users/pearc/OneDrive/Desktop/Mushroom-Knight-/MushroomKnight/Content/Enemys/Snail/BP_Godsnail.uasset" 603
"C:/Users/pearc/OneDrive/Desktop/Mushroom-Knight-/MushroomKnight/Content/Enemys/Snail/BP_Godsnail.uexp" 604
"C:/Users/pearc/OneDrive/Desktop/Mushroom-Knight-/MushroomKnight/Content/Enemys/Skeltonart/IDLE.uasset" 605
"C:/Users/pearc/OneDrive/Desktop/Mushroom-Knight-/MushroomKnight/Content/Enemys/Skeltonart/IDLE.uexp" 606
"C:/Users/pearc/OneDrive/Desktop/Mushroom-Knight-/MushroomKnight/Content/Charchterr/Playersprites/RUN.uasset" 607
"C:/Users/pearc/OneDrive/Desktop/Mushroom-Knight-/MushroomKnight/Content/Charchterr/Playersprites/RUN.uexp" 608
"C:/Users/pearc/OneDrive/Desktop/Mushroom-Knight-/MushroomKnight/Content/Charchterr/Playersprites/ATTACK_3.uasset" 609
"C:/Users/pearc/OneDrive/Desktop/Mushroom-Knight-/MushroomKnight/Content/Charchterr/Playersprites/ATTACK_3.uexp" 610
"../../../Engine/Content/Functions/Engine_MaterialFunctions01/Shading/PowerToRoughness.uasset" 611
"../../../Engine/Content/Functions/Engine_MaterialFunctions01/Shading/PowerToRoughness.uexp" 612
"../../../Engine/Content/Functions/Engine_MaterialFunctions01/Shading/ConvertFromDiffSpec.uasset" 613
"../../../Engine/Content/Functions/Engine_MaterialFunctions01/Shading/ConvertFromDiffSpec.uexp" 614
"../../../Engine/Content/EditorMaterials/Dataflow/DataflowTwoSidedVertexMaterial.uasset" 615
"../../../Engine/Content/EditorMaterials/Dataflow/DataflowTwoSidedVertexMaterial.uexp" 616
"../../../Engine/Content/EditorMaterials/Dataflow/DataflowVertexMaterial.uasset" 617
"../../../Engine/Content/EditorMaterials/Dataflow/DataflowVertexMaterial.uexp" 618
"../../../Engine/Plugins/VirtualProduction/CameraCalibrationCore/Content/Materials/M_DefaultEvenSquare.uasset" 619
"../../../Engine/Plugins/VirtualProduction/CameraCalibrationCore/Content/Materials/M_DefaultEvenSquare.uexp" 620
"../../../Engine/Plugins/VirtualProduction/CameraCalibrationCore/Content/Materials/M_DefaultOddSquare.uasset" 621
"../../../Engine/Plugins/VirtualProduction/CameraCalibrationCore/Content/Materials/M_DefaultOddSquare.uexp" 622
"../../../Engine/Plugins/Animation/ControlRig/Content/Controls/ControlRigGizmoMaterial.uasset" 623
"../../../Engine/Plugins/Animation/ControlRig/Content/Controls/ControlRigGizmoMaterial.uexp" 624
"../../../Engine/Plugins/Animation/ControlRig/Content/Controls/ControlRigXRayMaterial.uasset" 625
"../../../Engine/Plugins/Animation/ControlRig/Content/Controls/ControlRigXRayMaterial.uexp" 626
"../../../Engine/Content/Functions/Engine_MaterialFunctions02/Utility/VectorLength.uasset" 627
"../../../Engine/Content/Functions/Engine_MaterialFunctions02/Utility/VectorLength.uexp" 628
"../../../Engine/Content/Functions/Engine_MaterialFunctions02/WorldPositionOffset/ObjectScale.uasset" 629
"../../../Engine/Content/Functions/Engine_MaterialFunctions02/WorldPositionOffset/ObjectScale.uexp" 630
"../../../Engine/Content/Functions/Engine_MaterialFunctions02/Utility/BreakOutFloat3Components.uasset" 631
"../../../Engine/Content/Functions/Engine_MaterialFunctions02/Utility/BreakOutFloat3Components.uexp" 632
"../../../Engine/Content/Functions/Engine_MaterialFunctions02/ObjectLocalBounds.uasset" 633
"../../../Engine/Content/Functions/Engine_MaterialFunctions02/ObjectLocalBounds.uexp" 634
"../../../Engine/Content/Functions/Engine_MaterialFunctions02/SafeNormalize.uasset" 635
"../../../Engine/Content/Functions/Engine_MaterialFunctions02/SafeNormalize.uexp" 636
"../../../Engine/Plugins/Editor/SpeedTreeImporter/Content/SpeedTree9/UnpackInteger3.uasset" 637
"../../../Engine/Plugins/Editor/SpeedTreeImporter/Content/SpeedTree9/UnpackInteger3.uexp" 638
"../../../Engine/Plugins/Editor/SpeedTreeImporter/Content/SpeedTree9/UnpackDirection.uasset" 639
"../../../Engine/Plugins/Editor/SpeedTreeImporter/Content/SpeedTree9/UnpackDirection.uexp" 640
"../../../Engine/Plugins/Editor/SpeedTreeImporter/Content/SpeedTree9/game_wind_noise.ubulk" 641
"../../../Engine/Plugins/Editor/SpeedTreeImporter/Content/SpeedTree9/game_wind_noise.uasset" 642
"../../../Engine/Plugins/Editor/SpeedTreeImporter/Content/SpeedTree9/game_wind_noise.uexp" 643
"../../../Engine/Plugins/Editor/SpeedTreeImporter/Content/SpeedTree9/SpeedTreeWindMotion.uasset" 644
"../../../Engine/Plugins/Editor/SpeedTreeImporter/Content/SpeedTree9/SpeedTreeWindMotion.uexp" 645
"../../../Engine/Plugins/Editor/SpeedTreeImporter/Content/SpeedTree9/SpeedTreeBranchMotion.uasset" 646
"../../../Engine/Plugins/Editor/SpeedTreeImporter/Content/SpeedTree9/SpeedTreeBranchMotion.uexp" 647
"../../../Engine/Content/Functions/Engine_MaterialFunctions02/UVs/BoundingBoxBased_0-1_UVW.uasset" 648
"../../../Engine/Content/Functions/Engine_MaterialFunctions02/UVs/BoundingBoxBased_0-1_UVW.uexp" 649
"../../../Engine/Plugins/Editor/SpeedTreeImporter/Content/SpeedTree9/SpeedTreeWind.uasset" 650
"../../../Engine/Plugins/Editor/SpeedTreeImporter/Content/SpeedTree9/SpeedTreeWind.uexp" 651
"../../../Engine/Plugins/Editor/SpeedTreeImporter/Content/SpeedTree9/EmptyNormal.uasset" 652
"../../../Engine/Plugins/Editor/SpeedTreeImporter/Content/SpeedTree9/EmptyNormal.uexp" 653
"../../../Engine/Plugins/Editor/SpeedTreeImporter/Content/SpeedTree9/Empty.uasset" 654
"../../../Engine/Plugins/Editor/SpeedTreeImporter/Content/SpeedTree9/Empty.uexp" 655
"../../../Engine/Plugins/Editor/SpeedTreeImporter/Content/SpeedTree9/SpeedTreeBillboard.uasset" 656
"../../../Engine/Plugins/Editor/SpeedTreeImporter/Content/SpeedTree9/SpeedTreeBillboard.uexp" 657
"../../../Engine/Plugins/Editor/SpeedTreeImporter/Content/SpeedTree9/SpeedTreeBillboardMaster.uasset" 658
"../../../Engine/Plugins/Editor/SpeedTreeImporter/Content/SpeedTree9/SpeedTreeBillboardMaster.uexp" 659
"../../../Engine/Plugins/Editor/SpeedTreeImporter/Content/SpeedTree9/SpeedTreeCameraFacing.uasset" 660
"../../../Engine/Plugins/Editor/SpeedTreeImporter/Content/SpeedTree9/SpeedTreeCameraFacing.uexp" 661
"../../../Engine/Plugins/Editor/SpeedTreeImporter/Content/SpeedTree9/SpeedTreeMaster.uasset" 662
"../../../Engine/Plugins/Editor/SpeedTreeImporter/Content/SpeedTree9/SpeedTreeMaster.uexp" 663
"../../../Engine/Plugins/Interchange/Assets/Content/Functions/MX_AbsorptionVDF.uasset" 664
"../../../Engine/Plugins/Interchange/Assets/Content/Functions/MX_AbsorptionVDF.uexp" 665
"../../../Engine/Plugins/Interchange/Assets/Content/Functions/MX_AnisotropicVDF.uasset" 666
"../../../Engine/Plugins/Interchange/Assets/Content/Functions/MX_AnisotropicVDF.uexp" 667
"../../../Engine/Plugins/Interchange/Assets/Content/Functions/MX_BurleyDiffuseBSDF.uasset" 668
"../../../Engine/Plugins/Interchange/Assets/Content/Functions/MX_BurleyDiffuseBSDF.uexp" 669
"../../../Engine/Plugins/Interchange/Assets/Content/Functions/MX_ConductorBSDF.uasset" 670
"../../../Engine/Plugins/Interchange/Assets/Content/Functions/MX_ConductorBSDF.uexp" 671
"../../../Engine/Plugins/Interchange/Assets/Content/Functions/MX_ConicalEDF.uasset" 672
"../../../Engine/Plugins/Interchange/Assets/Content/Functions/MX_ConicalEDF.uexp" 673
"../../../Engine/Plugins/Interchange/Assets/Content/Functions/MX_DielectricBSDF.uasset" 674
"../../../Engine/Plugins/Interchange/Assets/Content/Functions/MX_DielectricBSDF.uexp" 675
"../../../Engine/Plugins/Interchange/Assets/Content/Functions/MX_Displacement.uasset" 676
"../../../Engine/Plugins/Interchange/Assets/Content/Functions/MX_Displacement.uexp" 677
"../../../Engine/Plugins/Interchange/Assets/Content/Functions/MX_GeneralizedSchlickBSDF.uasset" 678
"../../../Engine/Plugins/Interchange/Assets/Content/Functions/MX_GeneralizedSchlickBSDF.uexp" 679
"../../../Engine/Plugins/Interchange/Assets/Content/Functions/MX_MeasuredEDF.uasset" 680
"../../../Engine/Plugins/Interchange/Assets/Content/Functions/MX_MeasuredEDF.uexp" 681
"../../../Engine/Plugins/Interchange/Assets/Content/Functions/MF_IridescenceNoLUT.uasset" 682
"../../../Engine/Plugins/Interchange/Assets/Content/Functions/MF_IridescenceNoLUT.uexp" 683
"../../../Engine/Plugins/Interchange/Assets/Content/Functions/MX_StandardSurface.uasset" 684
"../../../Engine/Plugins/Interchange/Assets/Content/Functions/MX_StandardSurface.uexp" 685
"../../../Engine/Plugins/Interchange/Assets/Content/Functions/MX_OpenPBR_Opaque.uasset" 686
"../../../Engine/Plugins/Interchange/Assets/Content/Functions/MX_OpenPBR_Opaque.uexp" 687
"../../../Engine/Plugins/Interchange/Assets/Content/Functions/MX_TransmissionSurface.uasset" 688
"../../../Engine/Plugins/Interchange/Assets/Content/Functions/MX_TransmissionSurface.uexp" 689
"../../../Engine/Plugins/Interchange/Assets/Content/Functions/MX_OpenPBR_Translucent.uasset" 690
"../../../Engine/Plugins/Interchange/Assets/Content/Functions/MX_OpenPBR_Translucent.uexp" 691
"../../../Engine/Plugins/Interchange/Assets/Content/Functions/MX_OrenNayarBSDF.uasset" 692
"../../../Engine/Plugins/Interchange/Assets/Content/Functions/MX_OrenNayarBSDF.uexp" 693
"../../../Engine/Plugins/Interchange/Assets/Content/Functions/MX_SheenBSDF.uasset" 694
"../../../Engine/Plugins/Interchange/Assets/Content/Functions/MX_SheenBSDF.uexp" 695
"../../../Engine/Plugins/Interchange/Assets/Content/Functions/MX_SubsurfaceBSDF.uasset" 696
"../../../Engine/Plugins/Interchange/Assets/Content/Functions/MX_SubsurfaceBSDF.uexp" 697
"../../../Engine/Plugins/Interchange/Assets/Content/Functions/MX_Surface.uasset" 698
"../../../Engine/Plugins/Interchange/Assets/Content/Functions/MX_Surface.uexp" 699
"../../../Engine/Plugins/Interchange/Assets/Content/Functions/MX_SurfaceUnlit.uasset" 700
"../../../Engine/Plugins/Interchange/Assets/Content/Functions/MX_SurfaceUnlit.uexp" 701
"../../../Engine/Plugins/Interchange/Assets/Content/Functions/MX_ThinFilmBSDF.uasset" 702
"../../../Engine/Plugins/Interchange/Assets/Content/Functions/MX_ThinFilmBSDF.uexp" 703
"../../../Engine/Plugins/Interchange/Assets/Content/Functions/MX_TranslucentBSDF.uasset" 704
"../../../Engine/Plugins/Interchange/Assets/Content/Functions/MX_TranslucentBSDF.uexp" 705
"../../../Engine/Plugins/Interchange/Assets/Content/Functions/MX_UniformEDF.uasset" 706
"../../../Engine/Plugins/Interchange/Assets/Content/Functions/MX_UniformEDF.uexp" 707
"../../../Engine/Plugins/Interchange/Assets/Content/Functions/MX_UsdPreviewSurface.uasset" 708
"../../../Engine/Plugins/Interchange/Assets/Content/Functions/MX_UsdPreviewSurface.uexp" 709
"../../../Engine/Plugins/Runtime/HairStrands/Content/Materials/HairCardsDefaultMaterial.uasset" 710
"../../../Engine/Plugins/Runtime/HairStrands/Content/Materials/HairCardsDefaultMaterial.uexp" 711
"../../../Engine/Content/Functions/Engine_MaterialFunctions02/Utility/MakeFloat2.uasset" 712
"../../../Engine/Content/Functions/Engine_MaterialFunctions02/Utility/MakeFloat2.uexp" 713
"../../../Engine/Content/Functions/Engine_MaterialFunctions02/Utility/MakeFloat3.uasset" 714
"../../../Engine/Content/Functions/Engine_MaterialFunctions02/Utility/MakeFloat3.uexp" 715
"../../../Engine/Content/EngineMaterials/HairDebugColor.uasset" 716
"../../../Engine/Content/EngineMaterials/HairDebugColor.uexp" 717
"../../../Engine/Content/EngineMaterials/HairColorMap.uasset" 718
"../../../Engine/Content/EngineMaterials/HairColorMap.uexp" 719
"../../../Engine/Plugins/Runtime/HairStrands/Content/Materials/HairGroupColors.uasset" 720
"../../../Engine/Plugins/Runtime/HairStrands/Content/Materials/HairGroupColors.uexp" 721
"../../../Engine/Plugins/Runtime/HairStrands/Content/Materials/HairDebugMaterial.uasset" 722
"../../../Engine/Plugins/Runtime/HairStrands/Content/Materials/HairDebugMaterial.uexp" 723
"../../../Engine/Plugins/Runtime/HairStrands/Content/Materials/HairDefaultMaterial.uasset" 724
"../../../Engine/Plugins/Runtime/HairStrands/Content/Materials/HairDefaultMaterial.uexp" 725
"../../../Engine/Plugins/Runtime/HairStrands/Content/Materials/HairMeshesDefaultMaterial.uasset" 726
"../../../Engine/Plugins/Runtime/HairStrands/Content/Materials/HairMeshesDefaultMaterial.uexp" 727
"../../../Engine/Content/EditorMaterials/PhAT_NoCollisionMaterial.uasset" 728
"../../../Engine/Content/EditorMaterials/PhAT_NoCollisionMaterial.uexp" 729
"../../../Engine/Content/EditorMaterials/PhAT_UnselectedMaterial.uasset" 730
"../../../Engine/Content/EditorMaterials/PhAT_UnselectedMaterial.uexp" 731
"../../../Engine/Content/EditorMaterials/PreviewShadowIndicator.ubulk" 732
"../../../Engine/Content/EditorMaterials/PreviewShadowIndicator.uasset" 733
"../../../Engine/Content/EditorMaterials/PreviewShadowIndicator.uexp" 734
"../../../Engine/Content/EditorMaterials/PreviewShadowIndicatorMaterial.uasset" 735
"../../../Engine/Content/EditorMaterials/PreviewShadowIndicatorMaterial.uexp" 736
"../../../Engine/Content/EngineDebugMaterials/DebugEditorMaterial.uasset" 737
"../../../Engine/Content/EngineDebugMaterials/DebugEditorMaterial.uexp" 738
"../../../Engine/Content/EngineDebugMaterials/DebugMeshMaterial.uasset" 739
"../../../Engine/Content/EngineDebugMaterials/DebugMeshMaterial.uexp" 740
"../../../Engine/Content/EngineDebugMaterials/M_SimpleUnlitTranslucent.uasset" 741
"../../../Engine/Content/EngineDebugMaterials/M_SimpleUnlitTranslucent.uexp" 742
"../../../Engine/Content/Functions/Engine_MaterialFunctions02/Utility/CameraDirectionVector.uasset" 743
"../../../Engine/Content/Functions/Engine_MaterialFunctions02/Utility/CameraDirectionVector.uexp" 744
"../../../Engine/Content/EngineDebugMaterials/VolumeToRender.uasset" 745
"../../../Engine/Content/EngineDebugMaterials/VolumeToRender.uexp" 746
"../../../Engine/Content/EngineDebugMaterials/M_VolumeRenderSphereTracePP.uasset" 747
"../../../Engine/Content/EngineDebugMaterials/M_VolumeRenderSphereTracePP.uexp" 748
"../../../Engine/Content/EngineMaterials/DefaultDiffuse.ubulk" 749
"../../../Engine/Content/EngineMaterials/DefaultDiffuse.uasset" 750
"../../../Engine/Content/EngineMaterials/DefaultDiffuse.uexp" 751
"../../../Engine/Content/EngineMaterials/DefaultDeferredDecalMaterial.uasset" 752
"../../../Engine/Content/EngineMaterials/DefaultDeferredDecalMaterial.uexp" 753
"../../../Engine/Content/EngineMaterials/DefaultLightFunctionMaterial.uasset" 754
"../../../Engine/Content/EngineMaterials/DefaultLightFunctionMaterial.uexp" 755
"../../../Engine/Content/Functions/Engine_MaterialFunctions02/Utility/BreakOutFloat2Components.uasset" 756
"../../../Engine/Content/Functions/Engine_MaterialFunctions02/Utility/BreakOutFloat2Components.uexp" 757
"../../../Engine/Content/EngineMaterials/DefaultPostProcessMaterial.uasset" 758
"../../../Engine/Content/EngineMaterials/DefaultPostProcessMaterial.uexp" 759
"../../../Engine/Content/EngineFonts/RobotoDistanceField.uasset" 760
"../../../Engine/Content/EngineFonts/RobotoDistanceField.uexp" 761
"../../../Engine/Content/EngineMaterials/DefaultTextMaterialOpaque.uasset" 762
"../../../Engine/Content/EngineMaterials/DefaultTextMaterialOpaque.uexp" 763
"../../../Engine/Content/EngineMaterials/DefaultWhiteGrid_Low.uasset" 764
"../../../Engine/Content/EngineMaterials/DefaultWhiteGrid_Low.uexp" 765
"../../../Engine/Content/EngineMaterials/EmissiveMeshMaterial.uasset" 766
"../../../Engine/Content/EngineMaterials/EmissiveMeshMaterial.uexp" 767
"../../../Engine/Content/EngineMaterials/BaseFlattenNormalMap.uasset" 768
"../../../Engine/Content/EngineMaterials/BaseFlattenNormalMap.uexp" 769
"../../../Engine/Content/EngineMaterials/BaseFlattenDiffuseMap.uasset" 770
"../../../Engine/Content/EngineMaterials/BaseFlattenDiffuseMap.uexp" 771
"../../../Engine/Content/EngineMaterials/BaseFlattenEmissiveMap.uasset" 772
"../../../Engine/Content/EngineMaterials/BaseFlattenEmissiveMap.uexp" 773
"../../../Engine/Content/EngineMaterials/BaseFlattenGrayscaleMap.uasset" 774
"../../../Engine/Content/EngineMaterials/BaseFlattenGrayscaleMap.uexp" 775
"../../../Engine/Content/EngineMaterials/BaseFlattenLinearColor.uasset" 776
"../../../Engine/Content/EngineMaterials/BaseFlattenLinearColor.uexp" 777
"../../../Engine/Content/Functions/Engine_MaterialFunctions02/PivotPainter2/Black_1x1_EXR_Texture.uasset" 778
"../../../Engine/Content/Functions/Engine_MaterialFunctions02/PivotPainter2/Black_1x1_EXR_Texture.uexp" 779
"../../../Engine/Content/EngineMaterials/FlattenMaterial.uasset" 780
"../../../Engine/Content/EngineMaterials/FlattenMaterial.uexp" 781
"../../../Engine/Content/EngineMaterials/BaseFlattenDiffuseMap_VT.ubulk" 782
"../../../Engine/Content/EngineMaterials/BaseFlattenDiffuseMap_VT.uasset" 783
"../../../Engine/Content/EngineMaterials/BaseFlattenDiffuseMap_VT.uexp" 784
"../../../Engine/Content/EngineMaterials/BaseFlattenEmissiveMap_VT.ubulk" 785
"../../../Engine/Content/EngineMaterials/BaseFlattenEmissiveMap_VT.uasset" 786
"../../../Engine/Content/EngineMaterials/BaseFlattenEmissiveMap_VT.uexp" 787
"../../../Engine/Content/EngineMaterials/BaseFlattenGrayscaleMap_VT.ubulk" 788
"../../../Engine/Content/EngineMaterials/BaseFlattenGrayscaleMap_VT.uasset" 789
"../../../Engine/Content/EngineMaterials/BaseFlattenGrayscaleMap_VT.uexp" 790
"../../../Engine/Content/EngineMaterials/BaseFlattenLinearColor_VT.ubulk" 791
"../../../Engine/Content/EngineMaterials/BaseFlattenLinearColor_VT.uasset" 792
"../../../Engine/Content/EngineMaterials/BaseFlattenLinearColor_VT.uexp" 793
"../../../Engine/Content/EngineMaterials/BaseFlattenNormalMap_VT.ubulk" 794
"../../../Engine/Content/EngineMaterials/BaseFlattenNormalMap_VT.uasset" 795
"../../../Engine/Content/EngineMaterials/BaseFlattenNormalMap_VT.uexp" 796
"../../../Engine/Content/EngineMaterials/Black_1x1_EXR_Texture_VT.ubulk" 797
"../../../Engine/Content/EngineMaterials/Black_1x1_EXR_Texture_VT.uasset" 798
"../../../Engine/Content/EngineMaterials/Black_1x1_EXR_Texture_VT.uexp" 799
"../../../Engine/Content/EngineMaterials/FlattenMaterial_VT.uasset" 800
"../../../Engine/Content/EngineMaterials/FlattenMaterial_VT.uexp" 801
"../../../Engine/Content/EngineMaterials/FlattenMaterial_WS_Normal_VT.uasset" 802
"../../../Engine/Content/EngineMaterials/FlattenMaterial_WS_Normal_VT.uexp" 803
"../../../Engine/Content/EngineMaterials/GizmoMaterial.uasset" 804
"../../../Engine/Content/EngineMaterials/GizmoMaterial.uexp" 805
"../../../Engine/Content/EngineMaterials/InvalidLightmapSettings.ubulk" 806
"../../../Engine/Content/EngineMaterials/InvalidLightmapSettings.uasset" 807
"../../../Engine/Content/EngineMaterials/InvalidLightmapSettings.uexp" 808
"../../../Engine/Content/EngineMaterials/M_InvalidLightmapSettings.uasset" 809
"../../../Engine/Content/EngineMaterials/M_InvalidLightmapSettings.uexp" 810
"../../../Engine/Content/EngineMaterials/NaniteHiddenSectionMaterial.uasset" 811
"../../../Engine/Content/EngineMaterials/NaniteHiddenSectionMaterial.uexp" 812
"../../../Engine/Content/Functions/Engine_MaterialFunctions02/WorldPositionOffset/CameraOffset.uasset" 813
"../../../Engine/Content/Functions/Engine_MaterialFunctions02/WorldPositionOffset/CameraOffset.uexp" 814
"../../../Engine/Content/EngineMaterials/PhAT_JointLimitMaterial.uasset" 815
"../../../Engine/Content/EngineMaterials/PhAT_JointLimitMaterial.uexp" 816
"../../../Engine/Content/EngineMaterials/DefaultCalibrationColor.uasset" 817
"../../../Engine/Content/EngineMaterials/DefaultCalibrationColor.uexp" 818
"../../../Engine/Content/EngineMaterials/PPM_DefaultCalibrationColor.uasset" 819
"../../../Engine/Content/EngineMaterials/PPM_DefaultCalibrationColor.uexp" 820
"../../../Engine/Content/EngineMaterials/DefaultCalibrationGrayscale.uasset" 821
"../../../Engine/Content/EngineMaterials/DefaultCalibrationGrayscale.uexp" 822
"../../../Engine/Content/EngineMaterials/PPM_DefaultCalibrationGrayscale.uasset" 823
"../../../Engine/Content/EngineMaterials/PPM_DefaultCalibrationGrayscale.uexp" 824
"../../../Engine/Content/EngineMaterials/RemoveSurfaceMaterial.uasset" 825
"../../../Engine/Content/EngineMaterials/RemoveSurfaceMaterial.uexp" 826
"../../../Engine/Content/EditorLandscapeResources/DefaultAlphaTexture.uasset" 827
"../../../Engine/Content/EditorLandscapeResources/DefaultAlphaTexture.uexp" 828
"../../../Engine/Content/EditorLandscapeResources/LandscapeDirtyMaterial.uasset" 829
"../../../Engine/Content/EditorLandscapeResources/LandscapeDirtyMaterial.uexp" 830
"../../../Engine/Content/Functions/Engine_MaterialFunctions01/Texturing/ScaleUVsByCenter.uasset" 831
"../../../Engine/Content/Functions/Engine_MaterialFunctions01/Texturing/ScaleUVsByCenter.uexp" 832
"../../../Engine/Content/Functions/Engine_MaterialFunctions02/WorldPositionOffset/LocalPosition.uasset" 833
"../../../Engine/Content/Functions/Engine_MaterialFunctions02/WorldPositionOffset/LocalPosition.uexp" 834
"../../../Engine/Content/Functions/Engine_MaterialFunctions01/Texturing/TextureCropping.uasset" 835
"../../../Engine/Content/Functions/Engine_MaterialFunctions01/Texturing/TextureCropping.uexp" 836
"../../../Engine/Content/Functions/Engine_MaterialFunctions02/ExampleContent/DebugNumberStrip.uasset" 837
"../../../Engine/Content/Functions/Engine_MaterialFunctions02/ExampleContent/DebugNumberStrip.uexp" 838
"../../../Engine/Content/Functions/Engine_MaterialFunctions01/Debug/DebugIntValues.uasset" 839
"../../../Engine/Content/Functions/Engine_MaterialFunctions01/Debug/DebugIntValues.uexp" 840
"../../../Engine/Content/EditorLandscapeResources/LandscapeLayerUsageMaterial.uasset" 841
"../../../Engine/Content/EditorLandscapeResources/LandscapeLayerUsageMaterial.uexp" 842
"../../../Engine/Content/EditorLandscapeResources/WhiteSquareTexture.uasset" 843
"../../../Engine/Content/EditorLandscapeResources/WhiteSquareTexture.uexp" 844
"../../../Engine/Content/EditorLandscapeResources/LayerVisMaterial.uasset" 845
"../../../Engine/Content/EditorLandscapeResources/LayerVisMaterial.uexp" 846
"../../../Engine/Plugins/Animation/ControlRig/Content/M_Manip.uasset" 847
"../../../Engine/Plugins/Animation/ControlRig/Content/M_Manip.uexp" 848
"../../../Engine/Content/EngineMeshes/Sphere.ubulk" 849
"../../../Engine/Content/EngineMeshes/Sphere.uasset" 850
"../../../Engine/Content/EngineMeshes/Sphere.uexp" 851
"../../../Engine/Content/EngineResources/DefaultTextureCube.uasset" 852
"../../../Engine/Content/EngineResources/DefaultTextureCube.uexp" 853
"../../../Engine/Content/EngineResources/DefaultVolumeTexture2D.uasset" 854
"../../../Engine/Content/EngineResources/DefaultVolumeTexture2D.uexp" 855
"../../../Engine/Content/EngineResources/DefaultVolumeTexture.uasset" 856
"../../../Engine/Content/EngineResources/DefaultVolumeTexture.uexp" 857
"../../../Engine/Content/VREditor/TransformGizmo/Xray.uasset" 858
"../../../Engine/Content/VREditor/TransformGizmo/Xray.uexp" 859
"../../../Engine/Content/VREditor/TransformGizmo/Main.uasset" 860
"../../../Engine/Content/VREditor/TransformGizmo/Main.uexp" 861
"../../../Engine/Content/VREditor/TransformGizmo/SM_Sequencer_Node.ubulk" 862
"../../../Engine/Content/VREditor/TransformGizmo/SM_Sequencer_Node.uasset" 863
"../../../Engine/Content/VREditor/TransformGizmo/SM_Sequencer_Node.uexp" 864
"../../../Engine/Content/EditorMaterials/Camera/CineMat.uasset" 865
"../../../Engine/Content/EditorMaterials/Camera/CineMat.uexp" 866
"../../../Engine/Content/EditorMaterials/Camera/MI_CineMat_Rig.uasset" 867
"../../../Engine/Content/EditorMaterials/Camera/MI_CineMat_Rig.uexp" 868
"../../../Engine/Content/EditorMeshes/Camera/SM_CraneRig_Base.ubulk" 869
"../../../Engine/Content/EditorMeshes/Camera/SM_CraneRig_Base.uasset" 870
"../../../Engine/Content/EditorMeshes/Camera/SM_CraneRig_Base.uexp" 871
"../../../Engine/Content/EditorMeshes/Camera/SM_CraneRig_Arm.ubulk" 872
"../../../Engine/Content/EditorMeshes/Camera/SM_CraneRig_Arm.uasset" 873
"../../../Engine/Content/EditorMeshes/Camera/SM_CraneRig_Arm.uexp" 874
"../../../Engine/Content/EditorMeshes/Camera/SM_CraneRig_Mount.ubulk" 875
"../../../Engine/Content/EditorMeshes/Camera/SM_CraneRig_Mount.uasset" 876
"../../../Engine/Content/EditorMeshes/Camera/SM_CraneRig_Mount.uexp" 877
"../../../Engine/Content/EditorMeshes/Camera/SM_CraneRig_Body.ubulk" 878
"../../../Engine/Content/EditorMeshes/Camera/SM_CraneRig_Body.uasset" 879
"../../../Engine/Content/EditorMeshes/Camera/SM_CraneRig_Body.uexp" 880
"../../../Engine/Content/EditorMeshes/Camera/SM_RailRig_Track.ubulk" 881
"../../../Engine/Content/EditorMeshes/Camera/SM_RailRig_Track.uasset" 882
"../../../Engine/Content/EditorMeshes/Camera/SM_RailRig_Track.uexp" 883
"../../../Engine/Content/EditorMeshes/Camera/SM_RailRig_Mount.ubulk" 884
"../../../Engine/Content/EditorMeshes/Camera/SM_RailRig_Mount.uasset" 885
"../../../Engine/Content/EditorMeshes/Camera/SM_RailRig_Mount.uexp" 886
"../../../Engine/Plugins/2D/Paper2D/Content/OpaqueUnlitSpriteMaterial.uasset" 887
"../../../Engine/Plugins/2D/Paper2D/Content/OpaqueUnlitSpriteMaterial.uexp" 888
"../../../Engine/Plugins/2D/Paper2D/Content/MaskedUnlitSpriteMaterial.uasset" 889
"../../../Engine/Plugins/2D/Paper2D/Content/MaskedUnlitSpriteMaterial.uexp" 890
"../../../Engine/Plugins/NNE/NNEDenoiser/Content/NNE_oidn2-3-0_rt_hdr_calb_cnrm_large__dyn__fp16_opset11_ForwardAlpha.uasset" 891
"../../../Engine/Plugins/NNE/NNEDenoiser/Content/NNE_oidn2-3-0_rt_hdr_calb_cnrm_large__dyn__fp16_opset11_ForwardAlpha.uexp" 892
"../../../Engine/Plugins/NNE/NNEDenoiser/Content/NNE_oidn2-3-0_rt_hdr_calb_cnrm_large__dyn__fp16_opset11_DenoiseAlpha.uasset" 893
"../../../Engine/Plugins/NNE/NNEDenoiser/Content/NNE_oidn2-3-0_rt_hdr_calb_cnrm_large__dyn__fp16_opset11_DenoiseAlpha.uexp" 894
"../../../Engine/Plugins/NNE/NNEDenoiser/Content/NNE_oidn2-3-0_rt_hdr_alb_nrm__dyn__fp16_opset11_ForwardAlpha.uasset" 895
"../../../Engine/Plugins/NNE/NNEDenoiser/Content/NNE_oidn2-3-0_rt_hdr_alb_nrm__dyn__fp16_opset11_ForwardAlpha.uexp" 896
"../../../Engine/Plugins/NNE/NNEDenoiser/Content/NNE_oidn2-3-0_rt_hdr_alb_nrm__dyn__fp16_opset11_DenoiseAlpha.uasset" 897
"../../../Engine/Plugins/NNE/NNEDenoiser/Content/NNE_oidn2-3-0_rt_hdr_alb_nrm__dyn__fp16_opset11_DenoiseAlpha.uexp" 898
"../../../Engine/Plugins/NNE/NNEDenoiser/Content/NNE_oidn2-3-0_rt_hdr_alb_nrm_small__dyn__fp16_opset11_ForwardAlpha.uasset" 899
"../../../Engine/Plugins/NNE/NNEDenoiser/Content/NNE_oidn2-3-0_rt_hdr_alb_nrm_small__dyn__fp16_opset11_ForwardAlpha.uexp" 900
"../../../Engine/Plugins/NNE/NNEDenoiser/Content/NNE_oidn2-3-0_rt_hdr_alb_nrm_small__dyn__fp16_opset11_DenoiseAlpha.uasset" 901
"../../../Engine/Plugins/NNE/NNEDenoiser/Content/NNE_oidn2-3-0_rt_hdr_alb_nrm_small__dyn__fp16_opset11_DenoiseAlpha.uexp" 902
"../../../Engine/Content/EngineMaterials/T_Default_Material_Grid_M.ubulk" 903
"../../../Engine/Content/EngineMaterials/T_Default_Material_Grid_M.uasset" 904
"../../../Engine/Content/EngineMaterials/T_Default_Material_Grid_M.uexp" 905
"../../../Engine/Content/Functions/Engine_MaterialFunctions01/Opacity/CameraDepthFade.uasset" 906
"../../../Engine/Content/Functions/Engine_MaterialFunctions01/Opacity/CameraDepthFade.uexp" 907
"../../../Engine/Content/EngineMaterials/T_Default_Material_Grid_N.ubulk" 908
"../../../Engine/Content/EngineMaterials/T_Default_Material_Grid_N.uasset" 909
"../../../Engine/Content/EngineMaterials/T_Default_Material_Grid_N.uexp" 910
"../../../Engine/Content/EngineMaterials/WorldGridMaterial.uasset" 911
"../../../Engine/Content/EngineMaterials/WorldGridMaterial.uexp" 912
"../../../Engine/Plugins/Media/MediaPlate/Content/SM_MediaPlateScreen.ubulk" 913
"../../../Engine/Plugins/Media/MediaPlate/Content/SM_MediaPlateScreen.uasset" 914
"../../../Engine/Plugins/Media/MediaPlate/Content/SM_MediaPlateScreen.uexp" 915
"../../../Engine/Content/EngineMaterials/DefaultMaterial.uasset" 916
"../../../Engine/Content/EngineMaterials/DefaultMaterial.uexp" 917
"../../../Engine/Content/BasicShapes/Sphere.ubulk" 918
"../../../Engine/Content/BasicShapes/Sphere.uasset" 919
"../../../Engine/Content/BasicShapes/Sphere.uexp" 920
"../../../Engine/Content/BasicShapes/Plane.ubulk" 921
"../../../Engine/Content/BasicShapes/Plane.uasset" 922
"../../../Engine/Content/BasicShapes/Plane.uexp" 923
"../../../Engine/Content/BasicShapes/Cylinder.ubulk" 924
"../../../Engine/Content/BasicShapes/Cylinder.uasset" 925
"../../../Engine/Content/BasicShapes/Cylinder.uexp" 926
"../../../Engine/Content/BasicShapes/Cone.ubulk" 927
"../../../Engine/Content/BasicShapes/Cone.uasset" 928
"../../../Engine/Content/BasicShapes/Cone.uexp" 929
"../../../Engine/Content/EditorLandscapeResources/SplineEditorMeshMat.uasset" 930
"../../../Engine/Content/EditorLandscapeResources/SplineEditorMeshMat.uexp" 931
"../../../Engine/Content/EditorLandscapeResources/SplineEditorMesh.ubulk" 932
"../../../Engine/Content/EditorLandscapeResources/SplineEditorMesh.uasset" 933
"../../../Engine/Content/EditorLandscapeResources/SplineEditorMesh.uexp" 934
"../../../Engine/Content/Functions/Engine_MaterialFunctions03/Math/WithinRangeFloat2.uasset" 935
"../../../Engine/Content/Functions/Engine_MaterialFunctions03/Math/WithinRangeFloat2.uexp" 936
"../../../Engine/Content/EditorLandscapeResources/SelectBrushMaterial.uasset" 937
"../../../Engine/Content/EditorLandscapeResources/SelectBrushMaterial.uexp" 938
"../../../Engine/Content/EditorLandscapeResources/SelectBrushMaterial_SelectedRegion.uasset" 939
"../../../Engine/Content/EditorLandscapeResources/SelectBrushMaterial_SelectedRegion.uexp" 940
"../../../Engine/Content/EditorLandscapeResources/SelectBrushMaterial_Selected.uasset" 941
"../../../Engine/Content/EditorLandscapeResources/SelectBrushMaterial_Selected.uexp" 942
"../../../Engine/Content/EditorLandscapeResources/MaskBrushMaterial.uasset" 943
"../../../Engine/Content/EditorLandscapeResources/MaskBrushMaterial.uexp" 944
"../../../Engine/Content/EditorLandscapeResources/MaskBrushMaterial_MaskedRegion.uasset" 945
"../../../Engine/Content/EditorLandscapeResources/MaskBrushMaterial_MaskedRegion.uexp" 946
"../../../Engine/Content/EditorLandscapeResources/ColorMaskBrushMaterial.uasset" 947
"../../../Engine/Content/EditorLandscapeResources/ColorMaskBrushMaterial.uexp" 948
"../../../Engine/Content/EditorLandscapeResources/ColorMaskBrushMaterial_MaskedRegion.uasset" 949
"../../../Engine/Content/EditorLandscapeResources/ColorMaskBrushMaterial_MaskedRegion.uexp" 950
"../../../Engine/Content/EngineResources/WhiteSquareTexture.uasset" 951
"../../../Engine/Content/EngineResources/WhiteSquareTexture.uexp" 952
"../../../Engine/Content/EngineMaterials/Widget3DPassThrough.uasset" 953
"../../../Engine/Content/EngineMaterials/Widget3DPassThrough.uexp" 954
"../../../Engine/Content/EngineMaterials/Widget3DPassThrough_Translucent.uasset" 955
"../../../Engine/Content/EngineMaterials/Widget3DPassThrough_Translucent.uexp" 956
"../../../Engine/Content/EngineMaterials/Widget3DPassThrough_Translucent_OneSided.uasset" 957
"../../../Engine/Content/EngineMaterials/Widget3DPassThrough_Translucent_OneSided.uexp" 958
"../../../Engine/Content/EngineMaterials/Widget3DPassThrough_Opaque.uasset" 959
"../../../Engine/Content/EngineMaterials/Widget3DPassThrough_Opaque.uexp" 960
"../../../Engine/Content/EngineMaterials/Widget3DPassThrough_Opaque_OneSided.uasset" 961
"../../../Engine/Content/EngineMaterials/Widget3DPassThrough_Opaque_OneSided.uexp" 962
"../../../Engine/Content/EngineMaterials/Widget3DPassThrough_Masked_OneSided.uasset" 963
"../../../Engine/Content/EngineMaterials/Widget3DPassThrough_Masked_OneSided.uexp" 964
"../../../Engine/Content/EngineMaterials/Widget3DPassThrough_Masked.uasset" 965
"../../../Engine/Content/EngineMaterials/Widget3DPassThrough_Masked.uexp" 966
"../../../Engine/Content/EngineMaterials/WeightMapPlaceholderTexture.uasset" 967
"../../../Engine/Content/EngineMaterials/WeightMapPlaceholderTexture.uexp" 968
"../../../Engine/Content/EngineMaterials/WeightMapArrayPlaceholderTexture.uasset" 969
"../../../Engine/Content/EngineMaterials/WeightMapArrayPlaceholderTexture.uexp" 970
"../../../Engine/Plugins/Animation/ControlRig/Content/Controls/ControlRig_Wedge_solid.ubulk" 971
"../../../Engine/Plugins/Animation/ControlRig/Content/Controls/ControlRig_Wedge_solid.uasset" 972
"../../../Engine/Plugins/Animation/ControlRig/Content/Controls/ControlRig_Wedge_solid.uexp" 973
"../../../Engine/Plugins/Animation/ControlRig/Content/Controls/ControlRig_Wedge_3mm.ubulk" 974
"../../../Engine/Plugins/Animation/ControlRig/Content/Controls/ControlRig_Wedge_3mm.uasset" 975
"../../../Engine/Plugins/Animation/ControlRig/Content/Controls/ControlRig_Wedge_3mm.uexp" 976
"../../../Engine/Plugins/Animation/ControlRig/Content/Controls/ControlRig_Wedge_1mm.ubulk" 977
"../../../Engine/Plugins/Animation/ControlRig/Content/Controls/ControlRig_Wedge_1mm.uasset" 978
"../../../Engine/Plugins/Animation/ControlRig/Content/Controls/ControlRig_Wedge_1mm.uexp" 979
"../../../Engine/Plugins/Animation/ControlRig/Content/Controls/ControlRig_Triangle_solid.ubulk" 980
"../../../Engine/Plugins/Animation/ControlRig/Content/Controls/ControlRig_Triangle_solid.uasset" 981
"../../../Engine/Plugins/Animation/ControlRig/Content/Controls/ControlRig_Triangle_solid.uexp" 982
"../../../Engine/Plugins/Animation/ControlRig/Content/Controls/ControlRig_Triangle_3mm.ubulk" 983
"../../../Engine/Plugins/Animation/ControlRig/Content/Controls/ControlRig_Triangle_3mm.uasset" 984
"../../../Engine/Plugins/Animation/ControlRig/Content/Controls/ControlRig_Triangle_3mm.uexp" 985
"../../../Engine/Plugins/Animation/ControlRig/Content/Controls/ControlRig_Triangle_1mm.ubulk" 986
"../../../Engine/Plugins/Animation/ControlRig/Content/Controls/ControlRig_Triangle_1mm.uasset" 987
"../../../Engine/Plugins/Animation/ControlRig/Content/Controls/ControlRig_Triangle_1mm.uexp" 988
"../../../Engine/Plugins/Animation/ControlRig/Content/Controls/ControlRig_Star4_solid.ubulk" 989
"../../../Engine/Plugins/Animation/ControlRig/Content/Controls/ControlRig_Star4_solid.uasset" 990
"../../../Engine/Plugins/Animation/ControlRig/Content/Controls/ControlRig_Star4_solid.uexp" 991
"../../../Engine/Plugins/Animation/ControlRig/Content/Controls/ControlRig_Star4_3mm.ubulk" 992
"../../../Engine/Plugins/Animation/ControlRig/Content/Controls/ControlRig_Star4_3mm.uasset" 993
"../../../Engine/Plugins/Animation/ControlRig/Content/Controls/ControlRig_Star4_3mm.uexp" 994
"../../../Engine/Plugins/Animation/ControlRig/Content/Controls/ControlRig_Star4_1mm.ubulk" 995
"../../../Engine/Plugins/Animation/ControlRig/Content/Controls/ControlRig_Star4_1mm.uasset" 996
"../../../Engine/Plugins/Animation/ControlRig/Content/Controls/ControlRig_Star4_1mm.uexp" 997
"../../../Engine/Plugins/Animation/ControlRig/Content/Controls/ControlRig_Square_solid.ubulk" 998
"../../../Engine/Plugins/Animation/ControlRig/Content/Controls/ControlRig_Square_solid.uasset" 999
"../../../Engine/Plugins/Animation/ControlRig/Content/Controls/ControlRig_Square_solid.uexp" 1000
"../../../Engine/Plugins/Animation/ControlRig/Content/Controls/ControlRig_Square_3mm.ubulk" 1001
"../../../Engine/Plugins/Animation/ControlRig/Content/Controls/ControlRig_Square_3mm.uasset" 1002
"../../../Engine/Plugins/Animation/ControlRig/Content/Controls/ControlRig_Square_3mm.uexp" 1003
"../../../Engine/Plugins/Animation/ControlRig/Content/Controls/ControlRig_Square_1mm.ubulk" 1004
"../../../Engine/Plugins/Animation/ControlRig/Content/Controls/ControlRig_Square_1mm.uasset" 1005
"../../../Engine/Plugins/Animation/ControlRig/Content/Controls/ControlRig_Square_1mm.uexp" 1006
"../../../Engine/Plugins/Animation/ControlRig/Content/Controls/ControlRig_Sphere_solid.ubulk" 1007
"../../../Engine/Plugins/Animation/ControlRig/Content/Controls/ControlRig_Sphere_solid.uasset" 1008
"../../../Engine/Plugins/Animation/ControlRig/Content/Controls/ControlRig_Sphere_solid.uexp" 1009
"../../../Engine/Plugins/Animation/ControlRig/Content/Controls/ControlRig_Sphere_3mm.ubulk" 1010
"../../../Engine/Plugins/Animation/ControlRig/Content/Controls/ControlRig_Sphere_3mm.uasset" 1011
"../../../Engine/Plugins/Animation/ControlRig/Content/Controls/ControlRig_Sphere_3mm.uexp" 1012
"../../../Engine/Plugins/Animation/ControlRig/Content/Controls/ControlRig_Sphere_1mm.ubulk" 1013
"../../../Engine/Plugins/Animation/ControlRig/Content/Controls/ControlRig_Sphere_1mm.uasset" 1014
"../../../Engine/Plugins/Animation/ControlRig/Content/Controls/ControlRig_Sphere_1mm.uexp" 1015
"../../../Engine/Plugins/Animation/ControlRig/Content/Controls/ControlRig_RoundedTriangle_solid.ubulk" 1016
"../../../Engine/Plugins/Animation/ControlRig/Content/Controls/ControlRig_RoundedTriangle_solid.uasset" 1017
"../../../Engine/Plugins/Animation/ControlRig/Content/Controls/ControlRig_RoundedTriangle_solid.uexp" 1018
"../../../Engine/Plugins/Animation/ControlRig/Content/Controls/ControlRig_RoundedTriangle_3mm.ubulk" 1019
"../../../Engine/Plugins/Animation/ControlRig/Content/Controls/ControlRig_RoundedTriangle_3mm.uasset" 1020
"../../../Engine/Plugins/Animation/ControlRig/Content/Controls/ControlRig_RoundedTriangle_3mm.uexp" 1021
"../../../Engine/Plugins/Animation/ControlRig/Content/Controls/ControlRig_RoundedTriangle_1mm.ubulk" 1022
"../../../Engine/Plugins/Animation/ControlRig/Content/Controls/ControlRig_RoundedTriangle_1mm.uasset" 1023
"../../../Engine/Plugins/Animation/ControlRig/Content/Controls/ControlRig_RoundedTriangle_1mm.uexp" 1024
"../../../Engine/Plugins/Animation/ControlRig/Content/Controls/ControlRig_RoundedSquare_solid.ubulk" 1025
"../../../Engine/Plugins/Animation/ControlRig/Content/Controls/ControlRig_RoundedSquare_solid.uasset" 1026
"../../../Engine/Plugins/Animation/ControlRig/Content/Controls/ControlRig_RoundedSquare_solid.uexp" 1027
"../../../Engine/Plugins/Animation/ControlRig/Content/Controls/ControlRig_RoundedSquare_3mm.ubulk" 1028
"../../../Engine/Plugins/Animation/ControlRig/Content/Controls/ControlRig_RoundedSquare_3mm.uasset" 1029
"../../../Engine/Plugins/Animation/ControlRig/Content/Controls/ControlRig_RoundedSquare_3mm.uexp" 1030
"../../../Engine/Plugins/Animation/ControlRig/Content/Controls/ControlRig_RoundedSquare_1mm.ubulk" 1031
"../../../Engine/Plugins/Animation/ControlRig/Content/Controls/ControlRig_RoundedSquare_1mm.uasset" 1032
"../../../Engine/Plugins/Animation/ControlRig/Content/Controls/ControlRig_RoundedSquare_1mm.uexp" 1033
"../../../Engine/Plugins/Animation/ControlRig/Content/Controls/ControlRig_QuarterCircle_solid.ubulk" 1034
"../../../Engine/Plugins/Animation/ControlRig/Content/Controls/ControlRig_QuarterCircle_solid.uasset" 1035
"../../../Engine/Plugins/Animation/ControlRig/Content/Controls/ControlRig_QuarterCircle_solid.uexp" 1036
"../../../Engine/Plugins/Animation/ControlRig/Content/Controls/ControlRig_QuarterCircle_3mm.ubulk" 1037
"../../../Engine/Plugins/Animation/ControlRig/Content/Controls/ControlRig_QuarterCircle_3mm.uasset" 1038
"../../../Engine/Plugins/Animation/ControlRig/Content/Controls/ControlRig_QuarterCircle_3mm.uexp" 1039
"../../../Engine/Plugins/Animation/ControlRig/Content/Controls/ControlRig_QuarterCircle_1mm.ubulk" 1040
"../../../Engine/Plugins/Animation/ControlRig/Content/Controls/ControlRig_QuarterCircle_1mm.uasset" 1041
"../../../Engine/Plugins/Animation/ControlRig/Content/Controls/ControlRig_QuarterCircle_1mm.uexp" 1042
"../../../Engine/Plugins/Animation/ControlRig/Content/Controls/ControlRig_Pyramid_solid.ubulk" 1043
"../../../Engine/Plugins/Animation/ControlRig/Content/Controls/ControlRig_Pyramid_solid.uasset" 1044
"../../../Engine/Plugins/Animation/ControlRig/Content/Controls/ControlRig_Pyramid_solid.uexp" 1045
"../../../Engine/Plugins/Animation/ControlRig/Content/Controls/ControlRig_Pyramid_3mm.ubulk" 1046
"../../../Engine/Plugins/Animation/ControlRig/Content/Controls/ControlRig_Pyramid_3mm.uasset" 1047
"../../../Engine/Plugins/Animation/ControlRig/Content/Controls/ControlRig_Pyramid_3mm.uexp" 1048
"../../../Engine/Plugins/Animation/ControlRig/Content/Controls/ControlRig_Pyramid_1mm.ubulk" 1049
"../../../Engine/Plugins/Animation/ControlRig/Content/Controls/ControlRig_Pyramid_1mm.uasset" 1050
"../../../Engine/Plugins/Animation/ControlRig/Content/Controls/ControlRig_Pyramid_1mm.uexp" 1051
"../../../Engine/Plugins/Animation/ControlRig/Content/Controls/ControlRig_Octagon_solid.ubulk" 1052
"../../../Engine/Plugins/Animation/ControlRig/Content/Controls/ControlRig_Octagon_solid.uasset" 1053
"../../../Engine/Plugins/Animation/ControlRig/Content/Controls/ControlRig_Octagon_solid.uexp" 1054
"../../../Engine/Plugins/Animation/ControlRig/Content/Controls/ControlRig_Octagon_3mm.ubulk" 1055
"../../../Engine/Plugins/Animation/ControlRig/Content/Controls/ControlRig_Octagon_3mm.uasset" 1056
"../../../Engine/Plugins/Animation/ControlRig/Content/Controls/ControlRig_Octagon_3mm.uexp" 1057
"../../../Engine/Plugins/Animation/ControlRig/Content/Controls/ControlRig_Octagon_1mm.ubulk" 1058
"../../../Engine/Plugins/Animation/ControlRig/Content/Controls/ControlRig_Octagon_1mm.uasset" 1059
"../../../Engine/Plugins/Animation/ControlRig/Content/Controls/ControlRig_Octagon_1mm.uexp" 1060
"../../../Engine/Plugins/Animation/ControlRig/Content/Controls/ControlRig_Hexagon_solid.ubulk" 1061
"../../../Engine/Plugins/Animation/ControlRig/Content/Controls/ControlRig_Hexagon_solid.uasset" 1062
"../../../Engine/Plugins/Animation/ControlRig/Content/Controls/ControlRig_Hexagon_solid.uexp" 1063
"../../../Engine/Plugins/Animation/ControlRig/Content/Controls/ControlRig_Hexagon_3mm.ubulk" 1064
"../../../Engine/Plugins/Animation/ControlRig/Content/Controls/ControlRig_Hexagon_3mm.uasset" 1065
"../../../Engine/Plugins/Animation/ControlRig/Content/Controls/ControlRig_Hexagon_3mm.uexp" 1066
"../../../Engine/Plugins/Animation/ControlRig/Content/Controls/ControlRig_Hexagon_1mm.ubulk" 1067
"../../../Engine/Plugins/Animation/ControlRig/Content/Controls/ControlRig_Hexagon_1mm.uasset" 1068
"../../../Engine/Plugins/Animation/ControlRig/Content/Controls/ControlRig_Hexagon_1mm.uexp" 1069
"../../../Engine/Plugins/Animation/ControlRig/Content/Controls/ControlRig_HalfCircle_solid.ubulk" 1070
"../../../Engine/Plugins/Animation/ControlRig/Content/Controls/ControlRig_HalfCircle_solid.uasset" 1071
"../../../Engine/Plugins/Animation/ControlRig/Content/Controls/ControlRig_HalfCircle_solid.uexp" 1072
"../../../Engine/Plugins/Animation/ControlRig/Content/Controls/ControlRig_HalfCircle_3mm.ubulk" 1073
"../../../Engine/Plugins/Animation/ControlRig/Content/Controls/ControlRig_HalfCircle_3mm.uasset" 1074
"../../../Engine/Plugins/Animation/ControlRig/Content/Controls/ControlRig_HalfCircle_3mm.uexp" 1075
"../../../Engine/Plugins/Animation/ControlRig/Content/Controls/ControlRig_HalfCircle_1mm.ubulk" 1076
"../../../Engine/Plugins/Animation/ControlRig/Content/Controls/ControlRig_HalfCircle_1mm.uasset" 1077
"../../../Engine/Plugins/Animation/ControlRig/Content/Controls/ControlRig_HalfCircle_1mm.uexp" 1078
"../../../Engine/Plugins/Animation/ControlRig/Content/Controls/ControlRig_Diamond_solid.ubulk" 1079
"../../../Engine/Plugins/Animation/ControlRig/Content/Controls/ControlRig_Diamond_solid.uasset" 1080
"../../../Engine/Plugins/Animation/ControlRig/Content/Controls/ControlRig_Diamond_solid.uexp" 1081
"../../../Engine/Plugins/Animation/ControlRig/Content/Controls/ControlRig_Diamond_3mm.ubulk" 1082
"../../../Engine/Plugins/Animation/ControlRig/Content/Controls/ControlRig_Diamond_3mm.uasset" 1083
"../../../Engine/Plugins/Animation/ControlRig/Content/Controls/ControlRig_Diamond_3mm.uexp" 1084
"../../../Engine/Plugins/Animation/ControlRig/Content/Controls/ControlRig_Diamond_1mm.ubulk" 1085
"../../../Engine/Plugins/Animation/ControlRig/Content/Controls/ControlRig_Diamond_1mm.uasset" 1086
"../../../Engine/Plugins/Animation/ControlRig/Content/Controls/ControlRig_Diamond_1mm.uexp" 1087
"../../../Engine/Plugins/Animation/ControlRig/Content/Controls/ControlRig_Circle_solid.ubulk" 1088
"../../../Engine/Plugins/Animation/ControlRig/Content/Controls/ControlRig_Circle_solid.uasset" 1089
"../../../Engine/Plugins/Animation/ControlRig/Content/Controls/ControlRig_Circle_solid.uexp" 1090
"../../../Engine/Plugins/Animation/ControlRig/Content/Controls/ControlRig_Circle_3mm.ubulk" 1091
"../../../Engine/Plugins/Animation/ControlRig/Content/Controls/ControlRig_Circle_3mm.uasset" 1092
"../../../Engine/Plugins/Animation/ControlRig/Content/Controls/ControlRig_Circle_3mm.uexp" 1093
"../../../Engine/Plugins/Animation/ControlRig/Content/Controls/ControlRig_Circle_1mm.ubulk" 1094
"../../../Engine/Plugins/Animation/ControlRig/Content/Controls/ControlRig_Circle_1mm.uasset" 1095
"../../../Engine/Plugins/Animation/ControlRig/Content/Controls/ControlRig_Circle_1mm.uexp" 1096
"../../../Engine/Plugins/Animation/ControlRig/Content/Controls/ControlRig_Box_solid.ubulk" 1097
"../../../Engine/Plugins/Animation/ControlRig/Content/Controls/ControlRig_Box_solid.uasset" 1098
"../../../Engine/Plugins/Animation/ControlRig/Content/Controls/ControlRig_Box_solid.uexp" 1099
"../../../Engine/Plugins/Animation/ControlRig/Content/Controls/ControlRig_Box_3mm.ubulk" 1100
"../../../Engine/Plugins/Animation/ControlRig/Content/Controls/ControlRig_Box_3mm.uasset" 1101
"../../../Engine/Plugins/Animation/ControlRig/Content/Controls/ControlRig_Box_3mm.uexp" 1102
"../../../Engine/Plugins/Animation/ControlRig/Content/Controls/ControlRig_Box_1mm.ubulk" 1103
"../../../Engine/Plugins/Animation/ControlRig/Content/Controls/ControlRig_Box_1mm.uasset" 1104
"../../../Engine/Plugins/Animation/ControlRig/Content/Controls/ControlRig_Box_1mm.uexp" 1105
"../../../Engine/Plugins/Animation/ControlRig/Content/Controls/ControlRig_Arrow_solid.ubulk" 1106
"../../../Engine/Plugins/Animation/ControlRig/Content/Controls/ControlRig_Arrow_solid.uasset" 1107
"../../../Engine/Plugins/Animation/ControlRig/Content/Controls/ControlRig_Arrow_solid.uexp" 1108
"../../../Engine/Plugins/Animation/ControlRig/Content/Controls/ControlRig_Arrow_3mm.ubulk" 1109
"../../../Engine/Plugins/Animation/ControlRig/Content/Controls/ControlRig_Arrow_3mm.uasset" 1110
"../../../Engine/Plugins/Animation/ControlRig/Content/Controls/ControlRig_Arrow_3mm.uexp" 1111
"../../../Engine/Plugins/Animation/ControlRig/Content/Controls/ControlRig_Arrow_1mm.ubulk" 1112
"../../../Engine/Plugins/Animation/ControlRig/Content/Controls/ControlRig_Arrow_1mm.uasset" 1113
"../../../Engine/Plugins/Animation/ControlRig/Content/Controls/ControlRig_Arrow_1mm.uexp" 1114
"../../../Engine/Plugins/Animation/ControlRig/Content/Controls/ControlRig_Arrow4_solid.ubulk" 1115
"../../../Engine/Plugins/Animation/ControlRig/Content/Controls/ControlRig_Arrow4_solid.uasset" 1116
"../../../Engine/Plugins/Animation/ControlRig/Content/Controls/ControlRig_Arrow4_solid.uexp" 1117
"../../../Engine/Plugins/Animation/ControlRig/Content/Controls/ControlRig_Arrow4_3mm.ubulk" 1118
"../../../Engine/Plugins/Animation/ControlRig/Content/Controls/ControlRig_Arrow4_3mm.uasset" 1119
"../../../Engine/Plugins/Animation/ControlRig/Content/Controls/ControlRig_Arrow4_3mm.uexp" 1120
"../../../Engine/Plugins/Animation/ControlRig/Content/Controls/ControlRig_Arrow4_1mm.ubulk" 1121
"../../../Engine/Plugins/Animation/ControlRig/Content/Controls/ControlRig_Arrow4_1mm.uasset" 1122
"../../../Engine/Plugins/Animation/ControlRig/Content/Controls/ControlRig_Arrow4_1mm.uexp" 1123
"../../../Engine/Plugins/Animation/ControlRig/Content/Controls/ControlRig_Arrow2_solid.ubulk" 1124
"../../../Engine/Plugins/Animation/ControlRig/Content/Controls/ControlRig_Arrow2_solid.uasset" 1125
"../../../Engine/Plugins/Animation/ControlRig/Content/Controls/ControlRig_Arrow2_solid.uexp" 1126
"../../../Engine/Plugins/Animation/ControlRig/Content/Controls/ControlRig_Arrow2_3mm.ubulk" 1127
"../../../Engine/Plugins/Animation/ControlRig/Content/Controls/ControlRig_Arrow2_3mm.uasset" 1128
"../../../Engine/Plugins/Animation/ControlRig/Content/Controls/ControlRig_Arrow2_3mm.uexp" 1129
"../../../Engine/Plugins/Animation/ControlRig/Content/Controls/ControlRig_Arrow2_1mm.ubulk" 1130
"../../../Engine/Plugins/Animation/ControlRig/Content/Controls/ControlRig_Arrow2_1mm.uasset" 1131
"../../../Engine/Plugins/Animation/ControlRig/Content/Controls/ControlRig_Arrow2_1mm.uexp" 1132
"../../../Engine/Content/VREditor/TransformGizmo/TranslucentTransformGizmoMaterial.uasset" 1133
"../../../Engine/Content/VREditor/TransformGizmo/TranslucentTransformGizmoMaterial.uexp" 1134
"../../../Engine/Content/VREditor/TransformGizmo/TranslucentTransformGizmoMaterial_Inst.uasset" 1135
"../../../Engine/Content/VREditor/TransformGizmo/TranslucentTransformGizmoMaterial_Inst.uexp" 1136
"../../../Engine/Content/VREditor/LaserPointer/VR_LaserPower_01.ubulk" 1137
"../../../Engine/Content/VREditor/LaserPointer/VR_LaserPower_01.uasset" 1138
"../../../Engine/Content/VREditor/LaserPointer/VR_LaserPower_01.uexp" 1139
"../../../Engine/Content/VREditor/TransformGizmo/TransformGizmoMaterial.uasset" 1140
"../../../Engine/Content/VREditor/TransformGizmo/TransformGizmoMaterial.uexp" 1141
"../../../Engine/Content/VREditor/TransformGizmo/TransformGizmoMaterial_Inst.uasset" 1142
"../../../Engine/Content/VREditor/TransformGizmo/TransformGizmoMaterial_Inst.uexp" 1143
"../../../Engine/Content/VREditor/Sounds/UI/Drop_Item_From_ContentBrowser.ubulk" 1144
"../../../Engine/Content/VREditor/Sounds/UI/Drop_Item_From_ContentBrowser.uasset" 1145
"../../../Engine/Content/VREditor/Sounds/UI/Drop_Item_From_ContentBrowser.uexp" 1146
"../../../Engine/Content/VREditor/TransformGizmo/UniformScaleHandle.ubulk" 1147
"../../../Engine/Content/VREditor/TransformGizmo/UniformScaleHandle.uasset" 1148
"../../../Engine/Content/VREditor/TransformGizmo/UniformScaleHandle.uexp" 1149
"../../../Engine/Content/VREditor/TransformGizmo/TranslateArrowHandle.ubulk" 1150
"../../../Engine/Content/VREditor/TransformGizmo/TranslateArrowHandle.uasset" 1151
"../../../Engine/Content/VREditor/TransformGizmo/TranslateArrowHandle.uexp" 1152
"../../../Engine/Content/Functions/Engine_MaterialFunctions02/SplitComponents.uasset" 1153
"../../../Engine/Content/Functions/Engine_MaterialFunctions02/SplitComponents.uexp" 1154
"../../../Engine/Content/Functions/Engine_MaterialFunctions02/Math/Transform3x3Matrix.uasset" 1155
"../../../Engine/Content/Functions/Engine_MaterialFunctions02/Math/Transform3x3Matrix.uexp" 1156
"../../../Engine/Content/VREditor/SnapGrid/SnapGridMaterial.uasset" 1157
"../../../Engine/Content/VREditor/SnapGrid/SnapGridMaterial.uexp" 1158
"../../../Engine/Content/VREditor/SnapGrid/SnapGridPlaneMesh.ubulk" 1159
"../../../Engine/Content/VREditor/SnapGrid/SnapGridPlaneMesh.uasset" 1160
"../../../Engine/Content/VREditor/SnapGrid/SnapGridPlaneMesh.uexp" 1161
"../../../Engine/Content/VREditor/Sounds/UI/Gizmo_Handle_Clicked.ubulk" 1162
"../../../Engine/Content/VREditor/Sounds/UI/Gizmo_Handle_Clicked.uasset" 1163
"../../../Engine/Content/VREditor/Sounds/UI/Gizmo_Handle_Clicked.uexp" 1164
"../../../Engine/Content/VREditor/Sounds/UI/Object_PickUp.ubulk" 1165
"../../../Engine/Content/VREditor/Sounds/UI/Object_PickUp.uasset" 1166
"../../../Engine/Content/VREditor/Sounds/UI/Object_PickUp.uexp" 1167
"../../../Engine/Content/VREditor/Sounds/UI/Object_Snaps_To_Another_Actor.ubulk" 1168
"../../../Engine/Content/VREditor/Sounds/UI/Object_Snaps_To_Another_Actor.uasset" 1169
"../../../Engine/Content/VREditor/Sounds/UI/Object_Snaps_To_Another_Actor.uexp" 1170
"../../../Engine/Content/VREditor/Sounds/UI/Object_Snaps_To_Grid.ubulk" 1171
"../../../Engine/Content/VREditor/Sounds/UI/Object_Snaps_To_Grid.uasset" 1172
"../../../Engine/Content/VREditor/Sounds/UI/Object_Snaps_To_Grid.uexp" 1173
"../../../Engine/Content/VREditor/Sounds/UI/Scaling_Down.ubulk" 1174
"../../../Engine/Content/VREditor/Sounds/UI/Scaling_Down.uasset" 1175
"../../../Engine/Content/VREditor/Sounds/UI/Scaling_Down.uexp" 1176
"../../../Engine/Content/VREditor/Sounds/UI/Scaling_Up.ubulk" 1177
"../../../Engine/Content/VREditor/Sounds/UI/Scaling_Up.uasset" 1178
"../../../Engine/Content/VREditor/Sounds/UI/Scaling_Up.uexp" 1179
"../../../Engine/Content/VREditor/Sounds/UI/Selection_Changes.ubulk" 1180
"../../../Engine/Content/VREditor/Sounds/UI/Selection_Changes.uasset" 1181
"../../../Engine/Content/VREditor/Sounds/UI/Selection_Changes.uexp" 1182
"../../../Engine/Content/VREditor/TransformGizmo/PlaneTranslationHandle.ubulk" 1183
"../../../Engine/Content/VREditor/TransformGizmo/PlaneTranslationHandle.uasset" 1184
"../../../Engine/Content/VREditor/TransformGizmo/PlaneTranslationHandle.uexp" 1185
"../../../Engine/Content/VREditor/TransformGizmo/RotationHandleFull.ubulk" 1186
"../../../Engine/Content/VREditor/TransformGizmo/RotationHandleFull.uasset" 1187
"../../../Engine/Content/VREditor/TransformGizmo/RotationHandleFull.uexp" 1188
"../../../Engine/Content/VREditor/TransformGizmo/RotationHandleIndicator.ubulk" 1189
"../../../Engine/Content/VREditor/TransformGizmo/RotationHandleIndicator.uasset" 1190
"../../../Engine/Content/VREditor/TransformGizmo/RotationHandleIndicator.uexp" 1191
"../../../Engine/Content/VREditor/TransformGizmo/RotationHandleQuarter.ubulk" 1192
"../../../Engine/Content/VREditor/TransformGizmo/RotationHandleQuarter.uasset" 1193
"../../../Engine/Content/VREditor/TransformGizmo/RotationHandleQuarter.uexp" 1194
"../../../Engine/Content/VREditor/TransformGizmo/StartRotationHandleIndicator.ubulk" 1195
"../../../Engine/Content/VREditor/TransformGizmo/StartRotationHandleIndicator.uasset" 1196
"../../../Engine/Content/VREditor/TransformGizmo/StartRotationHandleIndicator.uexp" 1197
"../../../Engine/Content/VREditor/TransformGizmo/TransformGizmoFreeRotation.ubulk" 1198
"../../../Engine/Content/VREditor/TransformGizmo/TransformGizmoFreeRotation.uasset" 1199
"../../../Engine/Content/VREditor/TransformGizmo/TransformGizmoFreeRotation.uexp" 1200
"../../../Engine/Content/EngineResources/LandscapeVisibilityLayerInfo.uasset" 1201
"../../../Engine/Content/EngineResources/LandscapeVisibilityLayerInfo.uexp" 1202
"../../../Engine/Plugins/Interchange/Assets/Content/gltf/Textures/T_White_srgb.uasset" 1203
"../../../Engine/Plugins/Interchange/Assets/Content/gltf/Textures/T_White_srgb.uexp" 1204
"../../../Engine/Plugins/Interchange/Assets/Content/gltf/MaterialFunctions/MF_BaseColor.uasset" 1205
"../../../Engine/Plugins/Interchange/Assets/Content/gltf/MaterialFunctions/MF_BaseColor.uexp" 1206
"../../../Engine/Plugins/Interchange/Assets/Content/gltf/MaterialFunctions/MF_RotateV2.uasset" 1207
"../../../Engine/Plugins/Interchange/Assets/Content/gltf/MaterialFunctions/MF_RotateV2.uexp" 1208
"../../../Engine/Plugins/Interchange/Assets/Content/gltf/MaterialFunctions/MF_TransformUVs.uasset" 1209
"../../../Engine/Plugins/Interchange/Assets/Content/gltf/MaterialFunctions/MF_TransformUVs.uexp" 1210
"../../../Engine/Plugins/Interchange/Assets/Content/gltf/MaterialBodies/MF_Unlit_Body.uasset" 1211
"../../../Engine/Plugins/Interchange/Assets/Content/gltf/MaterialBodies/MF_Unlit_Body.uexp" 1212
"../../../Engine/Plugins/Interchange/Assets/Content/gltf/M_Unlit.uasset" 1213
"../../../Engine/Plugins/Interchange/Assets/Content/gltf/M_Unlit.uexp" 1214
"../../../Engine/Plugins/Interchange/Assets/Content/gltf/MaterialInstances/MI_Unlit_Opaque_DS.uasset" 1215
"../../../Engine/Plugins/Interchange/Assets/Content/gltf/MaterialInstances/MI_Unlit_Opaque_DS.uexp" 1216
"../../../Engine/Plugins/Interchange/Assets/Content/gltf/MaterialInstances/MI_Unlit_Opaque.uasset" 1217
"../../../Engine/Plugins/Interchange/Assets/Content/gltf/MaterialInstances/MI_Unlit_Opaque.uexp" 1218
"../../../Engine/Plugins/Interchange/Assets/Content/gltf/MaterialInstances/MI_Unlit_Mask_DS.uasset" 1219
"../../../Engine/Plugins/Interchange/Assets/Content/gltf/MaterialInstances/MI_Unlit_Mask_DS.uexp" 1220
"../../../Engine/Plugins/Interchange/Assets/Content/gltf/MaterialInstances/MI_Unlit_Mask.uasset" 1221
"../../../Engine/Plugins/Interchange/Assets/Content/gltf/MaterialInstances/MI_Unlit_Mask.uexp" 1222
"../../../Engine/Plugins/Interchange/Assets/Content/gltf/MaterialInstances/MI_Unlit_Blend_DS.uasset" 1223
"../../../Engine/Plugins/Interchange/Assets/Content/gltf/MaterialInstances/MI_Unlit_Blend_DS.uexp" 1224
"../../../Engine/Plugins/Interchange/Assets/Content/gltf/MaterialInstances/MI_Unlit_Blend.uasset" 1225
"../../../Engine/Plugins/Interchange/Assets/Content/gltf/MaterialInstances/MI_Unlit_Blend.uexp" 1226
"../../../Engine/Content/EngineMaterials/Good64x64TilingNoiseHighFreq.uasset" 1227
"../../../Engine/Content/EngineMaterials/Good64x64TilingNoiseHighFreq.uexp" 1228
"../../../Engine/Content/Functions/Engine_MaterialFunctions02/Texturing/ScreenAlignedPixelToPixelUVs.uasset" 1229
"../../../Engine/Content/Functions/Engine_MaterialFunctions02/Texturing/ScreenAlignedPixelToPixelUVs.uexp" 1230
"../../../Engine/Plugins/Interchange/Assets/Content/Utilities/New_LUT.uasset" 1231
"../../../Engine/Plugins/Interchange/Assets/Content/Utilities/New_LUT.uexp" 1232
"../../../Engine/Content/Functions/Engine_MaterialFunctions03/Math/RemapValueRange.uasset" 1233
"../../../Engine/Content/Functions/Engine_MaterialFunctions03/Math/RemapValueRange.uexp" 1234
"../../../Engine/Plugins/Interchange/Assets/Content/Functions/MF_Iridescence.uasset" 1235
"../../../Engine/Plugins/Interchange/Assets/Content/Functions/MF_Iridescence.uexp" 1236
"../../../Engine/Plugins/Interchange/Assets/Content/gltf/MaterialFunctions/MF_Fresnel_DS.uasset" 1237
"../../../Engine/Plugins/Interchange/Assets/Content/gltf/MaterialFunctions/MF_Fresnel_DS.uexp" 1238
"../../../Engine/Plugins/Interchange/Assets/Content/gltf/MaterialFunctions/MF_IOR.uasset" 1239
"../../../Engine/Plugins/Interchange/Assets/Content/gltf/MaterialFunctions/MF_IOR.uexp" 1240
"../../../Engine/Plugins/Interchange/Assets/Content/gltf/MaterialFunctions/MF_Iridescence.uasset" 1241
"../../../Engine/Plugins/Interchange/Assets/Content/gltf/MaterialFunctions/MF_Iridescence.uexp" 1242
"../../../Engine/Plugins/Interchange/Assets/Content/gltf/Textures/T_White_Linear.uasset" 1243
"../../../Engine/Plugins/Interchange/Assets/Content/gltf/Textures/T_White_Linear.uexp" 1244
"../../../Engine/Plugins/Interchange/Assets/Content/gltf/MaterialFunctions/MF_MetallicRoughness.uasset" 1245
"../../../Engine/Plugins/Interchange/Assets/Content/gltf/MaterialFunctions/MF_MetallicRoughness.uexp" 1246
"../../../Engine/Plugins/Interchange/Assets/Content/gltf/MaterialFunctions/MF_RotateNormals_TS.uasset" 1247
"../../../Engine/Plugins/Interchange/Assets/Content/gltf/MaterialFunctions/MF_RotateNormals_TS.uexp" 1248
"../../../Engine/Plugins/Interchange/Assets/Content/gltf/MaterialFunctions/MF_ScaleNormal.uasset" 1249
"../../../Engine/Plugins/Interchange/Assets/Content/gltf/MaterialFunctions/MF_ScaleNormal.uexp" 1250
"../../../Engine/Plugins/Interchange/Assets/Content/gltf/Textures/T_Generic_N.uasset" 1251
"../../../Engine/Plugins/Interchange/Assets/Content/gltf/Textures/T_Generic_N.uexp" 1252
"../../../Engine/Plugins/Interchange/Assets/Content/gltf/MaterialFunctions/MF_Normals.uasset" 1253
"../../../Engine/Plugins/Interchange/Assets/Content/gltf/MaterialFunctions/MF_Normals.uexp" 1254
"../../../Engine/Plugins/Interchange/Assets/Content/gltf/MaterialFunctions/MF_Occlusion.uasset" 1255
"../../../Engine/Plugins/Interchange/Assets/Content/gltf/MaterialFunctions/MF_Occlusion.uexp" 1256
"../../../Engine/Plugins/Interchange/Assets/Content/gltf/MaterialFunctions/MF_Specular.uasset" 1257
"../../../Engine/Plugins/Interchange/Assets/Content/gltf/MaterialFunctions/MF_Specular.uexp" 1258
"../../../Engine/Plugins/Interchange/Assets/Content/gltf/Textures/T_Anisotropy_Direction_Linear.uasset" 1259
"../../../Engine/Plugins/Interchange/Assets/Content/gltf/Textures/T_Anisotropy_Direction_Linear.uexp" 1260
"../../../Engine/Plugins/Interchange/Assets/Content/gltf/MaterialFunctions/MF_SpecularAnisotropy.uasset" 1261
"../../../Engine/Plugins/Interchange/Assets/Content/gltf/MaterialFunctions/MF_SpecularAnisotropy.uexp" 1262
"../../../Engine/Plugins/Interchange/Assets/Content/gltf/MaterialFunctions/MF_Temporal_Blur.uasset" 1263
"../../../Engine/Plugins/Interchange/Assets/Content/gltf/MaterialFunctions/MF_Temporal_Blur.uexp" 1264
"../../../Engine/Plugins/Interchange/Assets/Content/gltf/MaterialFunctions/MF_Transmission.uasset" 1265
"../../../Engine/Plugins/Interchange/Assets/Content/gltf/MaterialFunctions/MF_Transmission.uexp" 1266
"../../../Engine/Plugins/Interchange/Assets/Content/gltf/MaterialBodies/MF_Transmission_Body.uasset" 1267
"../../../Engine/Plugins/Interchange/Assets/Content/gltf/MaterialBodies/MF_Transmission_Body.uexp" 1268
"../../../Engine/Plugins/Interchange/Assets/Content/gltf/M_Transmission.uasset" 1269
"../../../Engine/Plugins/Interchange/Assets/Content/gltf/M_Transmission.uexp" 1270
"../../../Engine/Plugins/Interchange/Assets/Content/gltf/MaterialInstances/MI_Transmission_DS.uasset" 1271
"../../../Engine/Plugins/Interchange/Assets/Content/gltf/MaterialInstances/MI_Transmission_DS.uexp" 1272
"../../../Engine/Plugins/Interchange/Assets/Content/gltf/MaterialInstances/MI_Transmission.uasset" 1273
"../../../Engine/Plugins/Interchange/Assets/Content/gltf/MaterialInstances/MI_Transmission.uexp" 1274
"../../../Engine/Content/Functions/Engine_MaterialFunctions02/Math/AddComponents.uasset" 1275
"../../../Engine/Content/Functions/Engine_MaterialFunctions02/Math/AddComponents.uexp" 1276
"../../../Engine/Plugins/Interchange/Assets/Content/gltf/MaterialFunctions/MF_DiffuseSpecGloss.uasset" 1277
"../../../Engine/Plugins/Interchange/Assets/Content/gltf/MaterialFunctions/MF_DiffuseSpecGloss.uexp" 1278
"../../../Engine/Plugins/Interchange/Assets/Content/gltf/MaterialFunctions/MF_Emissive.uasset" 1279
"../../../Engine/Plugins/Interchange/Assets/Content/gltf/MaterialFunctions/MF_Emissive.uexp" 1280
"../../../Engine/Plugins/Interchange/Assets/Content/gltf/MaterialFunctions/MF_MaxComponentValue.uasset" 1281
"../../../Engine/Plugins/Interchange/Assets/Content/gltf/MaterialFunctions/MF_MaxComponentValue.uexp" 1282
"../../../Engine/Plugins/Interchange/Assets/Content/gltf/MaterialFunctions/MF_PerceivedBrightness.uasset" 1283
"../../../Engine/Plugins/Interchange/Assets/Content/gltf/MaterialFunctions/MF_PerceivedBrightness.uexp" 1284
"../../../Engine/Plugins/Interchange/Assets/Content/gltf/MaterialFunctions/MF_SpecGlossToMetalRoughness.uasset" 1285
"../../../Engine/Plugins/Interchange/Assets/Content/gltf/MaterialFunctions/MF_SpecGlossToMetalRoughness.uexp" 1286
"../../../Engine/Plugins/Interchange/Assets/Content/gltf/MaterialBodies/MF_SpecularGlossiness_Body.uasset" 1287
"../../../Engine/Plugins/Interchange/Assets/Content/gltf/MaterialBodies/MF_SpecularGlossiness_Body.uexp" 1288
"../../../Engine/Plugins/Interchange/Assets/Content/gltf/M_SpecularGlossiness.uasset" 1289
"../../../Engine/Plugins/Interchange/Assets/Content/gltf/M_SpecularGlossiness.uexp" 1290
"../../../Engine/Plugins/Interchange/Assets/Content/gltf/MaterialInstances/MI_SpecularGlossiness_Opaque_DS.uasset" 1291
"../../../Engine/Plugins/Interchange/Assets/Content/gltf/MaterialInstances/MI_SpecularGlossiness_Opaque_DS.uexp" 1292
"../../../Engine/Plugins/Interchange/Assets/Content/gltf/MaterialInstances/MI_SpecularGlossiness_Opaque.uasset" 1293
"../../../Engine/Plugins/Interchange/Assets/Content/gltf/MaterialInstances/MI_SpecularGlossiness_Opaque.uexp" 1294
"../../../Engine/Plugins/Interchange/Assets/Content/gltf/MaterialInstances/MI_SpecularGlossiness_Mask_DS.uasset" 1295
"../../../Engine/Plugins/Interchange/Assets/Content/gltf/MaterialInstances/MI_SpecularGlossiness_Mask_DS.uexp" 1296
"../../../Engine/Plugins/Interchange/Assets/Content/gltf/MaterialInstances/MI_SpecularGlossiness_Mask.uasset" 1297
"../../../Engine/Plugins/Interchange/Assets/Content/gltf/MaterialInstances/MI_SpecularGlossiness_Mask.uexp" 1298
"../../../Engine/Plugins/Interchange/Assets/Content/gltf/MaterialInstances/MI_SpecularGlossiness_Blend_DS.uasset" 1299
"../../../Engine/Plugins/Interchange/Assets/Content/gltf/MaterialInstances/MI_SpecularGlossiness_Blend_DS.uexp" 1300
"../../../Engine/Plugins/Interchange/Assets/Content/gltf/MaterialInstances/MI_SpecularGlossiness_Blend.uasset" 1301
"../../../Engine/Plugins/Interchange/Assets/Content/gltf/MaterialInstances/MI_SpecularGlossiness_Blend.uexp" 1302
"../../../Engine/Plugins/Interchange/Assets/Content/gltf/MaterialFunctions/MF_Sheen.uasset" 1303
"../../../Engine/Plugins/Interchange/Assets/Content/gltf/MaterialFunctions/MF_Sheen.uexp" 1304
"../../../Engine/Plugins/Interchange/Assets/Content/gltf/MaterialBodies/MF_Sheen_Body.uasset" 1305
"../../../Engine/Plugins/Interchange/Assets/Content/gltf/MaterialBodies/MF_Sheen_Body.uexp" 1306
"../../../Engine/Plugins/Interchange/Assets/Content/gltf/M_Sheen.uasset" 1307
"../../../Engine/Plugins/Interchange/Assets/Content/gltf/M_Sheen.uexp" 1308
"../../../Engine/Plugins/Interchange/Assets/Content/gltf/MaterialInstances/MI_Sheen_Opaque_DS.uasset" 1309
"../../../Engine/Plugins/Interchange/Assets/Content/gltf/MaterialInstances/MI_Sheen_Opaque_DS.uexp" 1310
"../../../Engine/Plugins/Interchange/Assets/Content/gltf/MaterialInstances/MI_Sheen_Opaque.uasset" 1311
"../../../Engine/Plugins/Interchange/Assets/Content/gltf/MaterialInstances/MI_Sheen_Opaque.uexp" 1312
"../../../Engine/Plugins/Interchange/Assets/Content/gltf/MaterialInstances/MI_Sheen_Mask_DS.uasset" 1313
"../../../Engine/Plugins/Interchange/Assets/Content/gltf/MaterialInstances/MI_Sheen_Mask_DS.uexp" 1314
"../../../Engine/Plugins/Interchange/Assets/Content/gltf/MaterialInstances/MI_Sheen_Mask.uasset" 1315
"../../../Engine/Plugins/Interchange/Assets/Content/gltf/MaterialInstances/MI_Sheen_Mask.uexp" 1316
"../../../Engine/Plugins/Interchange/Assets/Content/gltf/MaterialInstances/MI_Sheen_Blend_DS.uasset" 1317
"../../../Engine/Plugins/Interchange/Assets/Content/gltf/MaterialInstances/MI_Sheen_Blend_DS.uexp" 1318
"../../../Engine/Plugins/Interchange/Assets/Content/gltf/MaterialInstances/MI_Sheen_Blend.uasset" 1319
"../../../Engine/Plugins/Interchange/Assets/Content/gltf/MaterialInstances/MI_Sheen_Blend.uexp" 1320
"../../../Engine/Plugins/Interchange/Assets/Content/gltf/MaterialBodies/MF_Default_Body.uasset" 1321
"../../../Engine/Plugins/Interchange/Assets/Content/gltf/MaterialBodies/MF_Default_Body.uexp" 1322
"../../../Engine/Plugins/Interchange/Assets/Content/gltf/M_Default.uasset" 1323
"../../../Engine/Plugins/Interchange/Assets/Content/gltf/M_Default.uexp" 1324
"../../../Engine/Plugins/Interchange/Assets/Content/gltf/MaterialInstances/MI_Default_Opaque_DS.uasset" 1325
"../../../Engine/Plugins/Interchange/Assets/Content/gltf/MaterialInstances/MI_Default_Opaque_DS.uexp" 1326
"../../../Engine/Plugins/Interchange/Assets/Content/gltf/MaterialInstances/MI_Default_Opaque.uasset" 1327
"../../../Engine/Plugins/Interchange/Assets/Content/gltf/MaterialInstances/MI_Default_Opaque.uexp" 1328
"../../../Engine/Plugins/Interchange/Assets/Content/gltf/MaterialInstances/MI_Default_Mask_DS.uasset" 1329
"../../../Engine/Plugins/Interchange/Assets/Content/gltf/MaterialInstances/MI_Default_Mask_DS.uexp" 1330
"../../../Engine/Plugins/Interchange/Assets/Content/gltf/MaterialInstances/MI_Default_Mask.uasset" 1331
"../../../Engine/Plugins/Interchange/Assets/Content/gltf/MaterialInstances/MI_Default_Mask.uexp" 1332
"../../../Engine/Plugins/Interchange/Assets/Content/gltf/MaterialInstances/MI_Default_Blend_DS.uasset" 1333
"../../../Engine/Plugins/Interchange/Assets/Content/gltf/MaterialInstances/MI_Default_Blend_DS.uexp" 1334
"../../../Engine/Plugins/Interchange/Assets/Content/gltf/MaterialInstances/MI_Default_Blend.uasset" 1335
"../../../Engine/Plugins/Interchange/Assets/Content/gltf/MaterialInstances/MI_Default_Blend.uexp" 1336
"../../../Engine/Content/Functions/Engine_MaterialFunctions01/Texturing/FlattenNormal.uasset" 1337
"../../../Engine/Content/Functions/Engine_MaterialFunctions01/Texturing/FlattenNormal.uexp" 1338
"../../../Engine/Plugins/Interchange/Assets/Content/gltf/MaterialFunctions/MF_Clearcoat.uasset" 1339
"../../../Engine/Plugins/Interchange/Assets/Content/gltf/MaterialFunctions/MF_Clearcoat.uexp" 1340
"../../../Engine/Plugins/Interchange/Assets/Content/gltf/MaterialBodies/MF_ClearCoat_Body.uasset" 1341
"../../../Engine/Plugins/Interchange/Assets/Content/gltf/MaterialBodies/MF_ClearCoat_Body.uexp" 1342
"../../../Engine/Plugins/Interchange/Assets/Content/gltf/M_ClearCoat.uasset" 1343
"../../../Engine/Plugins/Interchange/Assets/Content/gltf/M_ClearCoat.uexp" 1344
"../../../Engine/Plugins/Interchange/Assets/Content/gltf/MaterialInstances/MI_ClearCoat_Opaque_DS.uasset" 1345
"../../../Engine/Plugins/Interchange/Assets/Content/gltf/MaterialInstances/MI_ClearCoat_Opaque_DS.uexp" 1346
"../../../Engine/Plugins/Interchange/Assets/Content/gltf/MaterialInstances/MI_ClearCoat_Opaque.uasset" 1347
"../../../Engine/Plugins/Interchange/Assets/Content/gltf/MaterialInstances/MI_ClearCoat_Opaque.uexp" 1348
"../../../Engine/Plugins/Interchange/Assets/Content/gltf/MaterialInstances/MI_ClearCoat_Mask_DS.uasset" 1349
"../../../Engine/Plugins/Interchange/Assets/Content/gltf/MaterialInstances/MI_ClearCoat_Mask_DS.uexp" 1350
"../../../Engine/Plugins/Interchange/Assets/Content/gltf/MaterialInstances/MI_ClearCoat_Mask.uasset" 1351
"../../../Engine/Plugins/Interchange/Assets/Content/gltf/MaterialInstances/MI_ClearCoat_Mask.uexp" 1352
"../../../Engine/Plugins/Interchange/Assets/Content/gltf/MaterialInstances/MI_ClearCoat_Blend_DS.uasset" 1353
"../../../Engine/Plugins/Interchange/Assets/Content/gltf/MaterialInstances/MI_ClearCoat_Blend_DS.uexp" 1354
"../../../Engine/Plugins/Interchange/Assets/Content/gltf/MaterialInstances/MI_ClearCoat_Blend.uasset" 1355
"../../../Engine/Plugins/Interchange/Assets/Content/gltf/MaterialInstances/MI_ClearCoat_Blend.uexp" 1356
"../../../Engine/Content/VREditor/TransformGizmo/BoundingBoxEdge.ubulk" 1357
"../../../Engine/Content/VREditor/TransformGizmo/BoundingBoxEdge.uasset" 1358
"../../../Engine/Content/VREditor/TransformGizmo/BoundingBoxEdge.uexp" 1359
"../../../Engine/Content/VREditor/TransformGizmo/BoundingBoxCorner.ubulk" 1360
"../../../Engine/Content/VREditor/TransformGizmo/BoundingBoxCorner.uasset" 1361
"../../../Engine/Content/VREditor/TransformGizmo/BoundingBoxCorner.uexp" 1362
"../../../Engine/Content/ArtTools/RenderToTexture/Meshes/S_1_Unit_Plane.ubulk" 1363
"../../../Engine/Content/ArtTools/RenderToTexture/Meshes/S_1_Unit_Plane.uasset" 1364
"../../../Engine/Content/ArtTools/RenderToTexture/Meshes/S_1_Unit_Plane.uexp" 1365
"../../../Engine/Content/EngineMaterials/Substrate/Volume/SubstrateSimpleVolumeLUT3D.uasset" 1366
"../../../Engine/Content/EngineMaterials/Substrate/Volume/SubstrateSimpleVolumeLUT3D.uexp" 1367
"../../../Engine/Content/EngineMaterials/Substrate/Volume/SubstrateSimpleVolumeEnvLUT3D.uasset" 1368
"../../../Engine/Content/EngineMaterials/Substrate/Volume/SubstrateSimpleVolumeEnvLUT3D.uexp" 1369
"../../../Engine/Content/EngineMaterials/Substrate/Glints2/AGlintTex2dArray2.uasset" 1370
"../../../Engine/Content/EngineMaterials/Substrate/Glints2/AGlintTex2dArray2.uexp" 1371
"../../../Engine/Content/EngineMaterials/Substrate/GLints/AGlintTex2dArray.uasset" 1372
"../../../Engine/Content/EngineMaterials/Substrate/GLints/AGlintTex2dArray.uexp" 1373
"C:/Users/pearc/OneDrive/Desktop/Mushroom-Knight-/MushroomKnight/Content/Charchterr/Playersprites/IDLE_Sprite_6.uasset" 1374
"C:/Users/pearc/OneDrive/Desktop/Mushroom-Knight-/MushroomKnight/Content/Charchterr/Playersprites/IDLE_Sprite_6.uexp" 1375
"C:/Users/pearc/OneDrive/Desktop/Mushroom-Knight-/MushroomKnight/Content/Enemys/AnimSequences/Attack.uasset" 1376
"C:/Users/pearc/OneDrive/Desktop/Mushroom-Knight-/MushroomKnight/Content/Enemys/AnimSequences/Attack.uexp" 1377
"C:/Users/pearc/OneDrive/Desktop/Mushroom-Knight-/MushroomKnight/Content/Enemys/AnimSequences/Walk.uasset" 1378
"C:/Users/pearc/OneDrive/Desktop/Mushroom-Knight-/MushroomKnight/Content/Enemys/AnimSequences/Walk.uexp" 1379
"../../../Engine/Plugins/Animation/DeformerGraph/Content/DeformerFunctions/DG_Function_LinearBlendSkin_Morph_Cloth.uasset" 1380
"../../../Engine/Plugins/Animation/DeformerGraph/Content/DeformerFunctions/DG_Function_LinearBlendSkin_Morph_Cloth.uexp" 1381
"../../../Engine/Plugins/Animation/DeformerGraph/Content/Deformers/DG_LinearBlendSkin_Morph_Cloth.uasset" 1382
"../../../Engine/Plugins/Animation/DeformerGraph/Content/Deformers/DG_LinearBlendSkin_Morph_Cloth.uexp" 1383
"../../../Engine/Plugins/Animation/DeformerGraph/Content/DeformerFunctions/DG_Function_LinearBlendSkin_Morph_Cloth_PositionOnly.uasset" 1384
"../../../Engine/Plugins/Animation/DeformerGraph/Content/DeformerFunctions/DG_Function_LinearBlendSkin_Morph_Cloth_PositionOnly.uexp" 1385
"../../../Engine/Plugins/Animation/DeformerGraph/Content/DeformerFunctions/DG_Function_ComputeNormalsTangents.uasset" 1386
"../../../Engine/Plugins/Animation/DeformerGraph/Content/DeformerFunctions/DG_Function_ComputeNormalsTangents.uexp" 1387
"../../../Engine/Plugins/Animation/DeformerGraph/Content/Deformers/DG_LinearBlendSkin_Morph_Cloth_RecomputeNormals.uasset" 1388
"../../../Engine/Plugins/Animation/DeformerGraph/Content/Deformers/DG_LinearBlendSkin_Morph_Cloth_RecomputeNormals.uexp" 1389
"../../../Engine/Plugins/NNE/NNEDenoiser/Content/NNEDT_Oidn2-3_Balanced.uasset" 1390
"../../../Engine/Plugins/NNE/NNEDenoiser/Content/NNEDT_Oidn2-3_Balanced.uexp" 1391
"../../../Engine/Plugins/NNE/NNEDenoiser/Content/NNEDT_Oidn2-3_Balanced_Alpha.uasset" 1392
"../../../Engine/Plugins/NNE/NNEDenoiser/Content/NNEDT_Oidn2-3_Balanced_Alpha.uexp" 1393
"../../../Engine/Plugins/NNE/NNEDenoiser/Content/NNED_Oidn2-3_Balanced.uasset" 1394
"../../../Engine/Plugins/NNE/NNEDenoiser/Content/NNED_Oidn2-3_Balanced.uexp" 1395
"../../../Engine/Plugins/NNE/NNEDenoiser/Content/NNED_Oidn2-3_Balanced_Alpha.uasset" 1396
"../../../Engine/Plugins/NNE/NNEDenoiser/Content/NNED_Oidn2-3_Balanced_Alpha.uexp" 1397
"../../../Engine/Plugins/NNE/NNEDenoiser/Content/NNED_Oidn2-3_Fast.uasset" 1398
"../../../Engine/Plugins/NNE/NNEDenoiser/Content/NNED_Oidn2-3_Fast.uexp" 1399
"../../../Engine/Plugins/NNE/NNEDenoiser/Content/NNED_Oidn2-3_Fast_Alpha.uasset" 1400
"../../../Engine/Plugins/NNE/NNEDenoiser/Content/NNED_Oidn2-3_Fast_Alpha.uexp" 1401
"../../../Engine/Plugins/NNE/NNEDenoiser/Content/NNED_Oidn2-3_HighQuality.uasset" 1402
"../../../Engine/Plugins/NNE/NNEDenoiser/Content/NNED_Oidn2-3_HighQuality.uexp" 1403
"../../../Engine/Plugins/NNE/NNEDenoiser/Content/NNED_Oidn2-3_HighQuality_Alpha.uasset" 1404
"../../../Engine/Plugins/NNE/NNEDenoiser/Content/NNED_Oidn2-3_HighQuality_Alpha.uexp" 1405
"../../../Engine/Content/Maps/Entry_BuiltData.uasset" 1406
"../../../Engine/Content/Maps/Entry_BuiltData.uexp" 1407
"../../../Engine/Content/Maps/Entry.uexp" 1408
"../../../Engine/Content/Maps/Entry.umap" 1409
"C:/Users/pearc/OneDrive/Desktop/Mushroom-Knight-/MushroomKnight/Content/Turorialtexts/WB_TurorialText.uasset" 1410
"C:/Users/pearc/OneDrive/Desktop/Mushroom-Knight-/MushroomKnight/Content/Turorialtexts/WB_TurorialText.uexp" 1411
"C:/Users/pearc/OneDrive/Desktop/Mushroom-Knight-/MushroomKnight/Content/Turorialtexts/BP_Text.uasset" 1412
"C:/Users/pearc/OneDrive/Desktop/Mushroom-Knight-/MushroomKnight/Content/Turorialtexts/BP_Text.uexp" 1413
"C:/Users/pearc/OneDrive/Desktop/Mushroom-Knight-/MushroomKnight/Content/Tilemaps/Sprites/nightsky.uasset" 1414
"C:/Users/pearc/OneDrive/Desktop/Mushroom-Knight-/MushroomKnight/Content/Tilemaps/Sprites/nightsky.uexp" 1415
"C:/Users/pearc/OneDrive/Desktop/Mushroom-Knight-/MushroomKnight/Content/Tilemaps/Sprites/nightsky_TileSet.uasset" 1416
"C:/Users/pearc/OneDrive/Desktop/Mushroom-Knight-/MushroomKnight/Content/Tilemaps/Sprites/nightsky_TileSet.uexp" 1417
"C:/Users/pearc/OneDrive/Desktop/Mushroom-Knight-/MushroomKnight/Content/Tilemaps/Sprites/Yellow-Tree.uasset" 1418
"C:/Users/pearc/OneDrive/Desktop/Mushroom-Knight-/MushroomKnight/Content/Tilemaps/Sprites/Yellow-Tree.uexp" 1419
"C:/Users/pearc/OneDrive/Desktop/Mushroom-Knight-/MushroomKnight/Content/Tilemaps/Sprites/Yellow-Tree_TileSet.uasset" 1420
"C:/Users/pearc/OneDrive/Desktop/Mushroom-Knight-/MushroomKnight/Content/Tilemaps/Sprites/Yellow-Tree_TileSet.uexp" 1421
"C:/Users/pearc/OneDrive/Desktop/Mushroom-Knight-/MushroomKnight/Content/Tilemaps/Sprites/Tiles_TileSet.uasset" 1422
"C:/Users/pearc/OneDrive/Desktop/Mushroom-Knight-/MushroomKnight/Content/Tilemaps/Sprites/Tiles_TileSet.uexp" 1423
"C:/Users/pearc/OneDrive/Desktop/Mushroom-Knight-/MushroomKnight/Content/Tilemaps/Tutorial.uasset" 1424
"C:/Users/pearc/OneDrive/Desktop/Mushroom-Knight-/MushroomKnight/Content/Tilemaps/Tutorial.uexp" 1425
"C:/Users/pearc/OneDrive/Desktop/Mushroom-Knight-/MushroomKnight/Content/Tilemaps/Extrasky.uasset" 1426
"C:/Users/pearc/OneDrive/Desktop/Mushroom-Knight-/MushroomKnight/Content/Tilemaps/Extrasky.uexp" 1427
"C:/Users/pearc/OneDrive/Desktop/Mushroom-Knight-/MushroomKnight/Content/sounds/ebunny-quest-loop-370028.ubulk" 1428
"C:/Users/pearc/OneDrive/Desktop/Mushroom-Knight-/MushroomKnight/Content/sounds/ebunny-quest-loop-370028.uasset" 1429
"C:/Users/pearc/OneDrive/Desktop/Mushroom-Knight-/MushroomKnight/Content/sounds/ebunny-quest-loop-370028.uexp" 1430
"C:/Users/pearc/OneDrive/Desktop/Mushroom-Knight-/MushroomKnight/Content/Platform/Movingside.uasset" 1431
"C:/Users/pearc/OneDrive/Desktop/Mushroom-Knight-/MushroomKnight/Content/Platform/Movingside.uexp" 1432
"C:/Users/pearc/OneDrive/Desktop/Mushroom-Knight-/MushroomKnight/Content/Tilemaps/Sprites/Tiles_Sprite_1.uasset" 1433
"C:/Users/pearc/OneDrive/Desktop/Mushroom-Knight-/MushroomKnight/Content/Tilemaps/Sprites/Tiles_Sprite_1.uexp" 1434
"C:/Users/pearc/OneDrive/Desktop/Mushroom-Knight-/MushroomKnight/Content/Tilemaps/Sprites/Tiles_Sprite_2.uasset" 1435
"C:/Users/pearc/OneDrive/Desktop/Mushroom-Knight-/MushroomKnight/Content/Tilemaps/Sprites/Tiles_Sprite_2.uexp" 1436
"C:/Users/pearc/OneDrive/Desktop/Mushroom-Knight-/MushroomKnight/Content/Tilemaps/Sprites/chest.uasset" 1437
"C:/Users/pearc/OneDrive/Desktop/Mushroom-Knight-/MushroomKnight/Content/Tilemaps/Sprites/chest.uexp" 1438
"C:/Users/pearc/OneDrive/Desktop/Mushroom-Knight-/MushroomKnight/Content/Pickups/BP_chest.uasset" 1439
"C:/Users/pearc/OneDrive/Desktop/Mushroom-Knight-/MushroomKnight/Content/Pickups/BP_chest.uexp" 1440
"C:/Users/pearc/OneDrive/Desktop/Mushroom-Knight-/MushroomKnight/Content/sounds/checkpoint.ubulk" 1441
"C:/Users/pearc/OneDrive/Desktop/Mushroom-Knight-/MushroomKnight/Content/sounds/checkpoint.uasset" 1442
"C:/Users/pearc/OneDrive/Desktop/Mushroom-Knight-/MushroomKnight/Content/sounds/checkpoint.uexp" 1443
"C:/Users/pearc/OneDrive/Desktop/Mushroom-Knight-/MushroomKnight/Content/Borders/BP_offmaorespawn.uasset" 1444
"C:/Users/pearc/OneDrive/Desktop/Mushroom-Knight-/MushroomKnight/Content/Borders/BP_offmaorespawn.uexp" 1445
"C:/Users/pearc/OneDrive/Desktop/Mushroom-Knight-/MushroomKnight/Content/Checkpoint/flag.uasset" 1446
"C:/Users/pearc/OneDrive/Desktop/Mushroom-Knight-/MushroomKnight/Content/Checkpoint/flag.uexp" 1447
"C:/Users/pearc/OneDrive/Desktop/Mushroom-Knight-/MushroomKnight/Content/Checkpoint/flag_Sprite.uasset" 1448
"C:/Users/pearc/OneDrive/Desktop/Mushroom-Knight-/MushroomKnight/Content/Checkpoint/flag_Sprite.uexp" 1449
"C:/Users/pearc/OneDrive/Desktop/Mushroom-Knight-/MushroomKnight/Content/Checkpoint/BP_Checkpoint.uasset" 1450
"C:/Users/pearc/OneDrive/Desktop/Mushroom-Knight-/MushroomKnight/Content/Checkpoint/BP_Checkpoint.uexp" 1451
"C:/Users/pearc/OneDrive/Desktop/Mushroom-Knight-/MushroomKnight/Content/Borders/BP_Border.uasset" 1452
"C:/Users/pearc/OneDrive/Desktop/Mushroom-Knight-/MushroomKnight/Content/Borders/BP_Border.uexp" 1453
"C:/Users/pearc/OneDrive/Desktop/Mushroom-Knight-/MushroomKnight/Content/Gamemodes/GM_Main.uasset" 1454
"C:/Users/pearc/OneDrive/Desktop/Mushroom-Knight-/MushroomKnight/Content/Gamemodes/GM_Main.uexp" 1455
"C:/Users/pearc/OneDrive/Desktop/Mushroom-Knight-/MushroomKnight/Content/Portal/BP_Portal.uasset" 1456
"C:/Users/pearc/OneDrive/Desktop/Mushroom-Knight-/MushroomKnight/Content/Portal/BP_Portal.uexp" 1457
"C:/Users/pearc/OneDrive/Desktop/Mushroom-Knight-/MushroomKnight/Content/Levles/Turorial.uexp" 1458
"C:/Users/pearc/OneDrive/Desktop/Mushroom-Knight-/MushroomKnight/Content/Levles/Turorial.umap" 1459
"C:/Users/pearc/OneDrive/Desktop/Mushroom-Knight-/MushroomKnight/Content/Tilemaps/Sprites/Background.uasset" 1460
"C:/Users/pearc/OneDrive/Desktop/Mushroom-Knight-/MushroomKnight/Content/Tilemaps/Sprites/Background.uexp" 1461
"C:/Users/pearc/OneDrive/Desktop/Mushroom-Knight-/MushroomKnight/Content/Tilemaps/Sprites/Background_TileSet.uasset" 1462
"C:/Users/pearc/OneDrive/Desktop/Mushroom-Knight-/MushroomKnight/Content/Tilemaps/Sprites/Background_TileSet.uexp" 1463
"C:/Users/pearc/OneDrive/Desktop/Mushroom-Knight-/MushroomKnight/Content/Tilemaps/Menu.uasset" 1464
"C:/Users/pearc/OneDrive/Desktop/Mushroom-Knight-/MushroomKnight/Content/Tilemaps/Menu.uexp" 1465
"C:/Users/pearc/OneDrive/Desktop/Mushroom-Knight-/MushroomKnight/Content/sounds/ebunny-medieval-kingdom-loop-366815.ubulk" 1466
"C:/Users/pearc/OneDrive/Desktop/Mushroom-Knight-/MushroomKnight/Content/sounds/ebunny-medieval-kingdom-loop-366815.uasset" 1467
"C:/Users/pearc/OneDrive/Desktop/Mushroom-Knight-/MushroomKnight/Content/sounds/ebunny-medieval-kingdom-loop-366815.uexp" 1468
"C:/Users/pearc/OneDrive/Desktop/Mushroom-Knight-/MushroomKnight/Content/Huds/WB_mainmeneu.uasset" 1469
"C:/Users/pearc/OneDrive/Desktop/Mushroom-Knight-/MushroomKnight/Content/Huds/WB_mainmeneu.uexp" 1470
"C:/Users/pearc/OneDrive/Desktop/Mushroom-Knight-/MushroomKnight/Content/Gamemodes/GM_Menue.uasset" 1471
"C:/Users/pearc/OneDrive/Desktop/Mushroom-Knight-/MushroomKnight/Content/Gamemodes/GM_Menue.uexp" 1472
"C:/Users/pearc/OneDrive/Desktop/Mushroom-Knight-/MushroomKnight/Content/Levles/MainMenu.uexp" 1473
"C:/Users/pearc/OneDrive/Desktop/Mushroom-Knight-/MushroomKnight/Content/Levles/MainMenu.umap" 1474
"C:/Users/pearc/OneDrive/Desktop/Mushroom-Knight-/MushroomKnight/Content/trapdamage/BP_Trapcollsision.uasset" 1475
"C:/Users/pearc/OneDrive/Desktop/Mushroom-Knight-/MushroomKnight/Content/trapdamage/BP_Trapcollsision.uexp" 1476
"C:/Users/pearc/OneDrive/Desktop/Mushroom-Knight-/MushroomKnight/Content/Tilemaps/Sprites/Tree-Assets.uasset" 1477
"C:/Users/pearc/OneDrive/Desktop/Mushroom-Knight-/MushroomKnight/Content/Tilemaps/Sprites/Tree-Assets.uexp" 1478
"C:/Users/pearc/OneDrive/Desktop/Mushroom-Knight-/MushroomKnight/Content/Tilemaps/Sprites/Tree-Assets_TileSet.uasset" 1479
"C:/Users/pearc/OneDrive/Desktop/Mushroom-Knight-/MushroomKnight/Content/Tilemaps/Sprites/Tree-Assets_TileSet.uexp" 1480
"C:/Users/pearc/OneDrive/Desktop/Mushroom-Knight-/MushroomKnight/Content/Tilemaps/main3.uasset" 1481
"C:/Users/pearc/OneDrive/Desktop/Mushroom-Knight-/MushroomKnight/Content/Tilemaps/main3.uexp" 1482
"C:/Users/pearc/OneDrive/Desktop/Mushroom-Knight-/MushroomKnight/Content/Tilemaps/Extraskkday.uasset" 1483
"C:/Users/pearc/OneDrive/Desktop/Mushroom-Knight-/MushroomKnight/Content/Tilemaps/Extraskkday.uexp" 1484
"C:/Users/pearc/OneDrive/Desktop/Mushroom-Knight-/MushroomKnight/Content/Pickups/HealthPickup.uasset" 1485
"C:/Users/pearc/OneDrive/Desktop/Mushroom-Knight-/MushroomKnight/Content/Pickups/HealthPickup.uexp" 1486
"C:/Users/pearc/OneDrive/Desktop/Mushroom-Knight-/MushroomKnight/Content/Portal/BP_Portal3.uasset" 1487
"C:/Users/pearc/OneDrive/Desktop/Mushroom-Knight-/MushroomKnight/Content/Portal/BP_Portal3.uexp" 1488
"C:/Users/pearc/OneDrive/Desktop/Mushroom-Knight-/MushroomKnight/Content/Levles/Main3.uexp" 1489
"C:/Users/pearc/OneDrive/Desktop/Mushroom-Knight-/MushroomKnight/Content/Levles/Main3.umap" 1490
"../../../Engine/Content/BasicShapes/Cube.ubulk" 1491
"../../../Engine/Content/BasicShapes/Cube.uasset" 1492
"../../../Engine/Content/BasicShapes/Cube.uexp" 1493
"../../../Engine/Content/BasicShapes/BasicShapeMaterial.uasset" 1494
"../../../Engine/Content/BasicShapes/BasicShapeMaterial.uexp" 1495
"C:/Users/pearc/OneDrive/Desktop/Mushroom-Knight-/MushroomKnight/Content/Tilemaps/Sprites/Hive.uasset" 1496
"C:/Users/pearc/OneDrive/Desktop/Mushroom-Knight-/MushroomKnight/Content/Tilemaps/Sprites/Hive.uexp" 1497
"C:/Users/pearc/OneDrive/Desktop/Mushroom-Knight-/MushroomKnight/Content/Tilemaps/Sprites/Hive_TileSet.uasset" 1498
"C:/Users/pearc/OneDrive/Desktop/Mushroom-Knight-/MushroomKnight/Content/Tilemaps/Sprites/Hive_TileSet.uexp" 1499
"C:/Users/pearc/OneDrive/Desktop/Mushroom-Knight-/MushroomKnight/Content/Tilemaps/main2.uasset" 1500
"C:/Users/pearc/OneDrive/Desktop/Mushroom-Knight-/MushroomKnight/Content/Tilemaps/main2.uexp" 1501
"C:/Users/pearc/OneDrive/Desktop/Mushroom-Knight-/MushroomKnight/Content/Portal/BP_main2.uasset" 1502
"C:/Users/pearc/OneDrive/Desktop/Mushroom-Knight-/MushroomKnight/Content/Portal/BP_main2.uexp" 1503
"C:/Users/pearc/OneDrive/Desktop/Mushroom-Knight-/MushroomKnight/Content/Levles/Main2.uexp" 1504
"C:/Users/pearc/OneDrive/Desktop/Mushroom-Knight-/MushroomKnight/Content/Levles/Main2.umap" 1505
"C:/Users/pearc/OneDrive/Desktop/Mushroom-Knight-/MushroomKnight/Content/Tilemaps/Forest.uasset" 1506
"C:/Users/pearc/OneDrive/Desktop/Mushroom-Knight-/MushroomKnight/Content/Tilemaps/Forest.uexp" 1507
"C:/Users/pearc/OneDrive/Desktop/Mushroom-Knight-/MushroomKnight/Content/Levles/Main.uexp" 1508
"C:/Users/pearc/OneDrive/Desktop/Mushroom-Knight-/MushroomKnight/Content/Levles/Main.umap" 1509
